Asset,Alpha,Mkt-RF,SMB,HML,RMW,CMA,US_Growth_Factor,Global_Growth_Factor,Inflation_Factor,Rates_Yields_Factor,US_Monetary_Policy_Factor,Global_Monetary_Policy_Factor,Currency_Factor,Credit_Risk_Factor,Commodities_Factor
Broad_Commodities,0.7023945871883228,1.4472393186836923,0.06341465343358507,0.5347194093149581,0.28346084326572807,0.32299888224240875,-0.86874241827487,-2.245515110078559,3.5114583999178097,-0.3557044666391918,0.20966010704632448,0.4059681186695222,-4.418619750849491,0.049251171278448275,7.301028894894338
EM_Broad,1.9376909821588637,5.5260557630012785,-0.28766440570644114,0.27625690778802786,-0.8009883518802456,0.241168294092586,0.5954537415823247,-0.5279141620314496,-1.518245244930894,0.006809598072023801,0.5062544375129894,1.0715153788424066,-10.194234873947035,-0.8884833909425202,1.4354354780887804
EM_Debt_Local_Alt,2.82103595382789,0.8611250634438801,-0.9140970417298078,0.2234577514012417,0.4050894468491982,0.3593987720045748,0.2165930628478805,-2.9007733017040005,-2.629094223108807,-0.28947498437561264,0.28698866401229756,1.908830201018934,-15.295476101432023,-0.49213886206373325,0.2466362983706184
EM_Debt_Local_Broad,2.2081094496334415,1.5009147183390812,-0.9923094356746142,0.2530793368065413,1.1606333038093335,0.02610155494475341,0.6667904974136211,-2.1557042068027696,-2.271686308921533,-0.6060230107657965,0.66820721310054,1.6885959006015883,-18.0174335679306,-1.217341261720908,-0.07631347429882547
EM_Debt_USD_Broad,1.150152584826319,5.916968919483726,-0.2955364586241244,0.6790307279304031,2.210455347263446,-1.1142240731113842,0.2605641925069909,-1.4403084811986986,-3.5178218637631415,-1.5264110321782078,-1.6098912875744753,1.201133542397125,-4.778349123334139,1.6366447563934663,-0.33627154248013164
EM_Small,0.9134895109771886,9.451883833568,0.6193335629400877,0.03921174373592348,0.04684570618341466,0.10732832161983857,0.8738475721302918,-1.3947485788884852,-1.397592268257952,-0.2275059377823055,0.4730294357475392,0.4156145097861742,-9.133444788863912,-0.9452777247001608,2.2808497304116577
EM_Value,1.8486259700371293,7.493186407004421,0.10043045873920213,2.1749239986616757,0.7337154783364596,0.5658768641026453,-1.005818853431197,-0.556379237517185,-2.68982452500162,-0.24938136567751565,-1.8537766336859436,0.27463827788574663,-13.879657705372985,0.9221428510399975,4.098399891421224
Gold,4.3702626987182285,-4.269513364422027,-0.32779378515023777,-2.388182558108285,2.911379660271668,0.33403563159199046,-1.6757481142848631,0.03214028238578149,-1.3451737678786815,0.6723234834561432,-0.5307377612145162,-1.2015198583051399,-9.248617460496309,0.5181315742784262,1.3524998316835148
Intl_LC_Blend,-0.15999572002081786,16.634539455410074,-1.2743524443029852,2.4674857934490038,0.4047621171914351,0.2538460250963406,1.679172017103541,0.6899185513670666,-2.5925184031742625,-0.2849524151865416,-1.1914569126658356,-0.48203190161403536,-9.725965060021842,-0.3919002903937287,-0.4727111061328383
Intl_LC_Growth,-0.4287859210361673,19.648009036567434,-1.0102448784446243,-1.6939271706584673,0.14420088650989543,-0.05487276879385352,2.5333412947524816,0.27909384801497694,-1.6152718559470105,-0.16997599502040317,0.8123420688858107,-0.08141724810350971,-10.656410993328326,-1.2391265780134844,-2.1026015246020076
Intl_LC_Value,0.0073877576036881255,11.924161716690989,-1.1431875225516581,5.388587608875742,0.3878818334269925,0.31142025457989264,0.9081090462963547,0.6229084450417243,-2.7407755864032914,-0.036820417530136866,-1.9011135730528015,-0.8193695550266334,-8.633239778957996,0.2581599240209168,0.6310483887107065
Intl_MidSmall_Blend,-0.08811137893030666,16.089445324507448,2.0981389348111374,1.3278740930677164,0.8358543877313972,-1.0643661778557478,0.5722511375457117,0.5150872331590822,-4.039488390469764,-0.1288137239268875,-1.4808326982480862,-1.7201850544258293,-9.094551159507137,0.6467524799393529,1.9115687017750347
Intl_REIT,0.41332638860911114,7.089609078648792,1.6462012407574071,0.462775228601445,2.341534732055084,0.9155067159635868,1.1668024187552632,-2.3908006671552475,-3.543866971972681,-1.6272998163044545,-0.23105314012703787,0.8716513555578113,-11.567997106753522,-2.076114900441911,-0.831096515740982
Intl_Small_Value,0.8398426127072346,12.574301727827644,1.4639446820377937,3.02317447461142,0.9832248785809894,-0.7899328754111934,0.38427064618603324,0.4598546751040206,-4.011748635246831,-0.45548009536082884,-1.6096904403148384,-0.8060564899892569,-8.798580103804737,-0.53794201482052,2.0955063858217615
UST_Intermediate_7_10Y,1.8639742416339693,-0.9535938974168423,-1.0207798600835896,-1.9315427649325747,1.4146576324524889,-0.037563016589836885,1.0981002222134235,-2.1908927455503964,-4.467179203123973,-0.31821353087614274,-0.07638210648333908,-0.4103964811233917,-4.2828363945530326,2.0971271395786637,-4.2443055798566585
UST_Long_20Y_Plus,1.044049601887243,-0.4109390104176572,-1.256146723109031,-1.656179681982702,0.5318074432478163,0.25419922737762035,0.9856561768286636,-2.3131093210807325,-3.3592524845890175,-1.2282202367688473,0.12742182905012994,0.7757420654520949,-1.8832184192953676,0.6230648387250732,-3.316164557896572
UST_Short_1_3Y,2.010582119948674,-2.071692730815529,-0.9239443102715911,-0.18579776242153262,1.038689986895844,-0.427250419469929,1.6642215304915025,-1.336922878800985,-3.9074094531168244,0.36299186730219296,2.6136725307891053,0.8250219953164759,-5.479306345188123,1.9680131095647015,-4.674392583948927
UST_TIPS,0.24164974544120768,1.9082838429477977,0.0870922418491874,-1.830143364784141,3.019989814832768,0.2005894738651307,0.8990895037950106,-2.7573509009876958,-2.4316326983910757,0.25276976397389456,0.9651995140480956,-0.6489449609920519,-4.271481634249646,0.5632734691611284,-1.3696015625371378
US_HY_Broad,0.013836665100238862,11.231590371600754,1.2788512285082576,1.9422291634199456,1.0323798867064709,-1.1192759011193818,0.5161838538980088,0.4887100515202591,-3.3827835339016277,-1.5595303055629715,-3.527431636440602,0.14604333248787849,-3.6025775960666646,2.5065635500818133,-0.6144951011590879
US_HY_Short,-0.5543493677254571,7.395372549154961,0.6024485229800021,1.8732860182513937,1.0607904574923888,-0.4634675420263395,-0.5740517375522106,-1.7332517677355188,-3.051126669822411,-1.9074376785015932,-3.471616671089816,0.2271804933702938,-2.628314346918218,0.20824073410625699,1.8857484116734144
US_IG_Intermediate,1.5149953123905504,3.070515364200444,-0.13090910290144883,-0.48905497203088044,2.064410505006117,-1.012674818899206,-0.250319999460739,-1.7480239369607926,-5.244600480854302,-0.671859877309615,-0.8132445151477319,0.27408291452909794,-5.508386631507272,0.8555619909834133,-0.07837959918847542
US_IG_Long,0.6975218623785886,3.3007384247790115,-1.1106591777266817,-0.7922012814471526,1.0335676162161802,-0.3852678298678858,0.5972733104803442,-1.67811856185349,-3.5169014538809424,-1.4975335351353913,-0.5511205576418597,0.8648433044286961,-3.2511461246158233,0.18127267918171663,-0.9689041199178828
US_IG_Short,2.304192575966245,3.2820762586256556,0.140754676173683,0.29541106767553654,2.4669377756539563,-1.428536394137408,-0.5063334889012779,-1.6476806915446023,-6.157027745212784,-0.48224600433078535,-0.664833569856999,0.28325082815961317,-6.385896882420416,1.065729778798038,0.37746896597050106
US_LC_Blend,-1.597596033314954,185.17515066067827,-15.37073067346514,2.8901848040775144,4.17143767646235,1.6552859629802315,0.8202459541587594,1.9122326860643994,1.917089181697559,0.9740898169123409,1.0134611357484609,-1.4876737866611631,-0.7025856976373768,-1.5128176392212762,-2.643800544321218
US_LC_Growth,1.0103657243680466,55.895274999330084,-3.6866589377467007,-9.859444410413666,0.0995216440020166,-4.057412511842489,1.144477642090326,0.4507770950733098,1.3711752193097089,0.4980701535063716,0.4458033232595857,0.026306307123604995,0.6985112283522068,0.5772963885052931,0.26098822973340446
US_LC_Value,-0.639626622505843,36.29890268434629,-1.8227973380566476,9.14831748000284,2.190325503833085,3.781541660568742,-0.8340940350224159,0.12324403227312875,-1.3502643567574428,-0.12000283044596353,-0.6484650102572238,-0.6221759201710388,-2.2681524314821946,-1.5894955564222983,-0.8635334175802263
US_MC_Blend,-0.8189110243956618,40.7192008414522,16.946666078731344,2.2943120384732896,3.9155805688414325,0.27428005921952536,-0.7778775814644885,-0.7675347331960906,-1.916390422553691,-0.38482571127510345,-2.0024552353104625,-0.32163172380732824,-1.2248916024960728,1.280408841878052,1.5963696174220587
US_MC_Growth,-0.5220120169165781,32.109242335005824,11.74640625573596,-1.8817951645991335,2.281255863532637,-0.12227355043330149,0.31328134642599914,-0.28527201723307366,-1.311962418814181,0.2908404957081897,-1.4162229905069335,-0.3225631037594494,-0.41936817865572346,1.1276749812774616,1.2427314598798382
US_MC_Value,-1.1608291655713205,37.732195392172684,15.487901545820662,5.1551185786533065,4.717317106231663,0.5969707495272101,-2.3611279416156643,-1.6727456462925465,-2.1633246864617486,-1.5590892609268971,-2.9159598315220467,-0.20717420613918164,-1.8522369995415275,1.1609720175873104,2.1499393592508556
US_REIT,-0.7396661189186265,9.456770788742746,2.416922250244535,1.6535919802531236,1.9176292188345967,-0.08748196496197984,0.4665882868402387,-0.752038617506052,-1.0561232135007539,-0.01837738022970555,-0.758286355268887,-0.9917041954493465,-2.0405043859041725,-0.1963143777952641,-2.3895038563888633
US_SC_Blend,-0.42260432041460877,57.08788362268319,30.60804257943436,8.592660989419283,4.02272502632083,1.0888602698749397,1.5062780217192615,-1.0298562652386438,-1.5998116613131728,-0.20237337302804112,-1.5898160524962157,0.2631076665629957,0.47263168668163286,-0.7362502037711722,-1.7285781542765002
US_SC_Growth,0.11008785986194987,45.85113118088742,23.848505690267917,0.2325314596532494,2.756483160978999,0.04615058922056188,2.1552825550055457,-0.20847675334352103,-1.2163515406513181,0.002974761932568729,-1.1221807042780154,0.6524819023804066,0.4719531752248213,-1.613706307808782,-1.7092880523795224
US_SC_Value,-1.226809588812649,53.80463186447379,30.20283351034575,12.347431566970377,4.514544845995429,1.3535041271574162,-0.7884206321244029,-2.101179245856257,-1.3433745515747761,-0.8188840357509719,-1.9308345288844635,0.09155135654265745,-0.30652544528076225,0.7376308406635153,-1.5344392971416807
