Date,Mkt-RF,SMB,HML,RMW,CMA,RF,US_INDPRO,OECD_CLI_US,EA_INDPRO,CHINA_INDPRO,US_CPI,US_CORE_CPI,EA_HICP,CHINA_CPI,US_10Y,DE_10Y,JP_10Y,US_10Y_REAL,US_BREAKEVEN_5Y5Y,US_BREAKEVEN_10Y,FED_FUNDS,ECB_DEPO_RATE,JP_DISCOUNT_RATE,FED_BALANCE_SHEET,US_M2,EA_M2,CHINA_M2,DXY_BROAD,US_CREDIT_SPREAD_BAA10Y,VIX,BRENT_OIL,COPPER
2006-01-01,    3.03,    5.83,    0.99,   -0.66,   -0.35,    0.35,98.1999,101.259276768784,3.05188199389622,,199.3,203.2,66.24,76.64962,4.42,3.3213636364,1.547,2.0,2.48,2.53,4.29,1.25,0.1,828901.0,6728.4,6134008000000.0,30353860000000.0,99.4311,1.78,12.95,63.19,4743.857142857143
2006-02-01,   -0.30,   -0.46,   -0.31,   -0.54,    1.98,    0.34,98.2413,101.346048158814,3.26197757390417,120.1,199.4,203.6,66.42,77.03286999999999,4.57,3.4725,1.598,2.02,2.38,2.53,4.49,1.25,0.1,840555.0,6753.1,6157331000000.0,30451630000000.0,99.7695,1.65,12.34,59.78,4974.975
2006-03-01,    1.47,    3.34,    0.61,    0.03,   -0.44,    0.37,98.4628,101.378532741895,4.08163265306122,117.8,199.7,204.3,66.81,76.33958,4.72,3.6373913043,1.759,2.35,2.44,2.51,4.59,1.5,0.1,833675.0,6766.9,6212517000000.0,31049070000000.0,100.56,1.69,11.39,66.06,5123.673913043478
2006-04-01,    0.73,   -0.79,    2.26,    1.74,   -0.13,    0.36,98.7618,101.352513840296,2.8140703517588,116.6,200.7,204.8,67.25,76.49226,4.99,3.895,1.956,2.39,2.69,2.68,4.79,1.5,0.1,844572.0,6806.3,6316677000000.0,31370180000000.0,98.1412,1.67,11.59,72.15,6404.444444444444
2006-05-01,   -3.56,   -2.90,    2.38,    0.87,    1.53,    0.43,98.7869,101.290699813021,5.91233435270135,117.9,201.3,205.4,67.44,76.41575999999999,5.11,3.9627272727,1.849,2.48,2.6,2.64,4.94,1.5,0.1,851580.0,6815.7,6321177000000.0,31670980000000.0,97.7705,1.66,16.44,67.57,8059.190476190476
2006-06-01,   -0.34,   -0.24,    0.85,    1.32,   -0.13,    0.40,99.0997,101.229184571129,4.84848484848484,119.5,201.8,205.9,67.49,76.03368,5.11,3.9604545455,1.901,2.54,2.59,2.61,4.99,1.75,0.1,844436.0,6854.0,6386776000000.0,32275640000000.0,98.2483,1.67,13.08,73.2,7222.772727272727
2006-07-01,   -0.77,   -3.60,    2.62,    1.63,    0.84,    0.40,99.0489,101.189459442917,3.91566265060241,116.7,202.9,206.3,67.41,75.80558,5.09,4.01,1.927,2.41,2.62,2.58,5.24,1.75,0.4,841552.0,6896.1,6382249000000.0,32401080000000.0,97.9996,1.68,14.95,74.75,7726.738095238095
2006-08-01,    2.03,    0.45,   -1.95,   -1.81,    2.14,    0.42,99.4836,101.19353402526,5.48780487804876,115.7,203.8,206.8,67.47,76.033,4.88,3.8839130435,1.668,2.24,2.56,2.5,5.25,2.0,0.4,850925.0,6926.4,6360016000000.0,32788570000000.0,97.644,1.73,12.31,67.66,7690.25
2006-09-01,    1.84,   -1.39,    0.06,    0.78,    0.46,    0.41,99.3183,101.253445492333,4.10821643286575,116.1,202.8,207.2,67.47,76.41315999999999,4.72,3.7538095238,1.628,2.27,2.49,2.37,5.25,2.0,0.4,849971.0,6952.8,6461105000000.0,33186540000000.0,98.1054,1.72,11.98,59.09,7622.642857142857
2006-10-01,    3.22,    1.98,   -0.33,   -0.11,    0.32,    0.41,99.2044,101.347729730142,3.70000000000002,114.7,201.9,207.6,67.53,76.48958,4.73,3.7877272727,1.718,2.34,2.44,2.27,5.25,2.25,0.4,852648.0,7002.1,6472185000000.0,33274720000000.0,97.3901,1.64,11.1,56.13,7497.409090909091
2006-11-01,    1.70,    0.63,    0.03,    0.20,   -0.80,    0.42,99.1627,101.462076923501,2.95275590551183,114.9,202.0,207.8,67.55,76.71905,4.6,3.7140909091,1.69,2.16,2.36,2.3,5.25,2.25,0.4,856671.0,7037.3,6535927000000.0,33750420000000.0,96.5779,1.64,10.91,64.36,7029.295454545455
2006-12-01,    0.85,   -0.81,    2.75,   -0.65,    1.88,    0.40,100.1735,101.585780764336,5.67164179104476,114.7,203.1,208.1,67.81,77.79311,4.56,3.7705263158,1.645,2.41,2.34,2.3,5.24,2.5,0.4,869988.0,7079.3,6743791000000.0,34557790000000.0,97.0312,1.64,11.56,58.96,6680.973684210526
2007-01-01,    1.38,    0.02,   -0.68,    0.19,    0.40,    0.44,99.8346,101.70629460971,4.34353405725569,114.7,203.437,208.6,67.47,78.33766,4.76,4.0168181818,1.705,2.4,2.44,2.43,5.25,2.5,0.4,865730.0,7115.6,6704078690000.0,35149880000000.0,97.964,1.57,10.42,56.52,5689.340909090909
2007-02-01,   -1.96,    1.33,   -0.08,   -0.52,   -0.66,    0.38,100.7753,101.824243642636,4.93583415597236,112.6,204.226,209.135,67.67,79.12104000000001,4.72,4.049,1.64,2.2,2.32,2.36,5.26,2.5,0.75,877409.0,7131.9,6707663590000.0,35865930000000.0,97.2386,1.6,15.42,59.39,5718.15
2007-03-01,    0.71,    0.14,   -0.88,    0.55,   -0.67,    0.43,100.9547,101.946119510877,4.80392156862747,117.6,205.288,209.418,68.12,78.88367,4.56,3.9409090909,1.629,2.21,2.37,2.44,5.26,2.75,0.75,869803.0,7164.7,6830308980000.0,36410470000000.0,96.3183,1.75,14.64,68.47,6465.295454545455
2007-04-01,    3.49,   -2.08,   -1.45,    1.18,    1.01,    0.44,101.6334,102.061776111637,3.12805474095796,117.4,205.904,209.747,68.55,78.80479,4.69,4.1521052632,1.653,2.2,2.41,2.43,5.25,2.75,0.75,879686.0,7239.9,6875257540000.0,36732650000000.0,94.8365,1.68,14.22,67.23,7753.342105263158
2007-05-01,    3.24,    0.33,   -0.58,    1.47,   -1.26,    0.41,101.7306,102.149572052437,3.36862367661211,118.1,206.755,210.058,68.71,79.04120999999999,4.75,4.279047619,1.733,2.54,2.39,2.36,5.25,2.75,0.75,876986.0,7257.1,6928872610000.0,36971820000000.0,94.3215,1.6,13.05,68.18,7677.952380952381
2007-06-01,   -1.96,    0.70,   -1.05,    0.49,    0.06,    0.40,101.7893,102.195194393758,3.56454720616571,119.4,207.234,210.392,68.78,79.35738,5.1,4.5604761905,1.903,2.65,2.43,2.38,5.25,3.0,0.75,865105.0,7290.6,7023576910000.0,37783220000000.0,94.1393,1.59,16.23,72.22,7514.238095238095
2007-07-01,   -3.72,   -3.05,   -3.68,    0.26,   -1.16,    0.40,101.6672,102.182394773046,3.96135265700484,118.0,207.603,210.773,68.62,80.07159,5.0,4.505,1.809,2.44,2.51,2.34,5.26,3.0,0.75,863890.0,7321.8,7063718310000.0,38388490000000.0,93.4264,1.85,23.52,77.01,7980.931818181818
2007-08-01,    0.94,   -0.33,   -1.87,   -1.27,   -0.57,    0.42,101.863,102.108217086111,4.43159922928711,117.5,207.667,211.119,68.67,81.03245,4.67,4.2965217391,1.577,2.34,2.43,2.2,5.02,3.0,0.75,872873.0,7397.0,7044759300000.0,38720500000000.0,93.6674,2.05,23.38,72.29,7500.204545454545
2007-09-01,    3.22,   -2.44,   -2.17,   -0.49,   -2.94,    0.32,102.0894,102.000347101834,3.84985563041385,118.9,208.547,211.554,68.93,81.27554,4.52,4.226,1.698,2.27,2.53,2.32,4.94,3.0,0.75,889900.0,7413.8,7140136020000.0,39309890000000.0,90.9446,2.0,18.0,80.97,7671.35
2007-10-01,    1.79,   -0.03,   -2.87,   -0.33,    0.06,    0.32,101.8015,101.87941129509,4.91803278688522,117.9,209.19,212.077,69.27,81.51937,4.53,4.2826086957,1.616,2.14,2.42,2.34,4.76,3.0,0.75,883385.0,7429.0,7229789160000.0,39420420000000.0,89.1389,1.99,18.53,89.87,8020.586956521739
2007-11-01,   -4.80,   -2.91,   -1.09,    1.75,   -0.36,    0.34,102.3446,101.750489339124,3.34608030592732,117.3,210.834,212.66,69.65,82.09000999999999,4.15,4.0890909091,1.497,1.63,2.44,2.34,4.49,3.0,0.75,879417.0,7454.0,7288789240000.0,39975790000000.0,89.6212,2.47,22.87,88.71,6957.431818181818
2007-12-01,   -0.87,    0.18,   -0.51,    0.90,   -1.07,    0.27,102.3803,101.625373087458,2.25988700564973,117.4,211.445,213.168,69.92,82.91091,4.1,4.2058823529,1.526,1.73,2.35,2.31,4.24,3.0,0.75,890662.0,7482.7,7436873890000.0,40340130000000.0,89.6304,2.52,22.5,93.68,6630.736111111111
2008-01-01,   -6.32,   -0.63,    4.00,    2.12,    2.06,    0.21,102.2448,101.494000685579,3.59508041627248,117.4,212.174,213.771,69.68,83.90584,3.74,4.0277272727,1.429,1.33,2.53,2.34,3.94,3.0,0.75,900264.0,7513.6,7449456190000.0,41784617000000.0,88.6547,2.96,26.2,91.58,7078.909090909091
2008-02-01,   -3.09,   -0.64,   -0.72,    1.07,   -0.97,    0.13,101.8438,101.344112333772,2.91627469426154,115.4,212.687,213.939,69.92,86.08739,3.74,3.9528571429,1.429,1.1,2.56,2.43,2.98,3.0,0.75,893825.0,7600.3,7471674820000.0,42103784000000.0,87.1654,3.22,26.54,100.9,7941.142857142857
2008-03-01,   -0.94,    0.59,    0.31,    0.89,    0.47,    0.17,101.5336,101.1775627464,1.77736202057996,117.8,213.448,214.42,70.61,85.48478,3.51,3.7994736842,1.245,1.11,2.49,2.34,2.61,3.0,0.75,893965.0,7664.9,7544870830000.0,42305453000000.0,86.6881,3.45,25.61,102.33,8434.315789473683
2008-04-01,    4.61,   -1.16,   -0.96,    1.81,   -2.56,    0.18,100.8785,100.970126595153,4.36018957345971,115.7,213.942,214.56,70.84,85.57027,3.68,4.04,1.6,1.5,2.28,2.27,2.28,3.0,0.75,888131.0,7711.4,7625570920000.0,42931372000000.0,86.8907,3.1,20.79,111.12,8714.181818181818
2008-05-01,    1.87,    3.04,   -1.50,    0.92,    0.14,    0.18,100.2674,100.688914125146,-0.465549348230898,116.0,215.208,214.936,71.28,85.22798,3.88,4.2019047619,1.778,1.58,2.56,2.48,1.98,3.0,0.75,904054.0,7728.3,7688719570000.0,43622160000000.0,86.5504,3.0,17.83,127.85,8356.125
2008-06-01,   -8.43,    1.16,   -2.51,    4.98,   -0.69,    0.17,100.0335,100.296330757999,-0.372093023255819,116.0,217.463,215.424,71.56,85.05753,4.1,4.5204761905,1.601,1.48,2.39,2.51,2.0,3.0,0.75,892713.0,7747.3,7734626560000.0,44314102000000.0,86.7621,3.05,23.95,138.4,8292.0
2008-07-01,   -0.75,    3.71,    5.20,   -1.36,    0.99,    0.15,99.676,99.760575527776,-1.39405204460968,114.7,219.016,215.965,71.45,85.14259,4.01,4.4904347826,1.537,1.65,2.52,2.34,2.01,3.25,0.75,918625.0,7794.9,7750323860000.0,44636217000000.0,86.8567,3.22,22.94,124.1,8407.021739130436
2008-08-01,    1.53,    3.28,    1.52,    1.83,    0.66,    0.13,98.1111,99.0648669218098,-2.49077490774909,112.8,218.69,216.393,71.35,85.05744,3.89,4.2023809524,1.431,1.68,2.41,2.15,2.0,3.25,0.75,909982.0,7808.8,7759475670000.0,44884668000000.0,90.0567,3.29,20.65,113.49,7633.8
2008-09-01,   -9.35,    0.38,    5.66,    2.40,    1.70,    0.15,93.7895,98.2224896355455,-2.78035217794253,111.4,218.877,216.713,71.49,85.05744,3.69,4.0940909091,1.481,2.25,2.23,1.6,1.81,3.25,0.75,1211825.0,7873.6,7839898820000.0,45289871000000.0,92.3773,4.0,39.39,93.52,6975.113636363636
2008-10-01,  -17.20,   -3.06,   -1.89,    2.73,    1.38,    0.08,94.7219,97.2959579745484,-5.97426470588235,108.2,216.995,216.788,71.51,84.80227,3.81,3.8834782609,1.486,3.14,2.73,0.87,0.97,3.25,0.5,1969086.0,7976.3,7972122000000.0,45313332000000.0,99.7662,5.53,59.89,60.0,4894.891304347826
2008-11-01,   -7.74,   -4.00,   -6.21,    4.67,    2.39,    0.03,93.4715,96.4086000922858,-8.78815911193339,105.4,213.153,216.947,71.17,84.12385,3.53,3.5565,1.377,2.6,2.97,0.33,0.39,2.75,0.5,2106117.0,8027.8,8018985080000.0,45864466000000.0,101.6468,6.1,55.84,47.72,3729.1875
2008-12-01,    1.77,    3.33,    0.05,    0.03,   -1.52,    0.00,90.8357,95.6617456335782,-12.6151012891344,105.7,211.398,216.925,71.08,83.9556,2.42,3.0478947368,1.214,2.14,0.48,0.11,0.16,2.0,0.3,2239457.0,8203.0,8103056980000.0,47516660000000.0,98.6518,5.82,40.0,35.82,3105.095238095238
2009-01-01,   -8.09,   -2.09,  -11.02,    0.00,   -1.16,    0.00,88.57,95.1197005249761,-16.8036529680365,111.0,211.933,217.346,70.5,84.7112,2.52,3.070952381,1.272,1.73,1.91,1.14,0.15,1.0,0.3,1927082.0,8284.2,8101892210000.0,49613530776673.4,102.1169,5.38,44.84,44.17,3260.357142857143
2009-02-01,  -10.14,   -1.17,   -6.60,    1.01,   -0.62,    0.01,88.031,94.8201287779183,-18.5557586837294,111.0,212.705,217.792,70.79,84.7112,2.87,3.1275,1.277,2.06,1.34,0.96,0.22,1.0,0.3,1916115.0,8314.7,8093799240000.0,50670807000000.0,104.9284,5.22,46.35,44.41,3328.4125
2009-03-01,    9.01,    0.59,    3.48,   -2.58,   -2.00,    0.02,86.6528,94.7806985796111,-19.3014705882353,108.3,212.495,218.253,71.05,84.45707,2.82,3.0195454545,1.323,1.43,1.83,1.28,0.18,0.5,0.3,2071556.0,8380.5,8094023230000.0,53062671177858.3,102.3761,5.74,44.14,46.13,3770.875
2009-04-01,   10.17,    7.14,    5.38,    1.34,    0.50,    0.01,85.9344,94.9909322459739,-21.2534059945504,107.3,212.709,218.706,71.3,84.28815,2.93,3.133,1.402,1.69,2.12,1.47,0.15,0.25,0.3,2066712.0,8390.2,8164981320000.0,54048121372903.3,100.1042,5.08,36.5,50.3,4436.925
2009-05-01,    5.20,   -2.24,    0.41,   -0.81,   -1.99,    0.00,85.0665,95.3819828205814,-16.9317118802619,108.9,213.022,218.904,71.34,84.03529,3.29,3.371,1.481,1.67,2.24,1.8,0.18,0.25,0.3,2080115.0,8452.9,8157431590000.0,54823076550114.2,95.268,4.29,28.92,64.98,4591.460526315789
2009-06-01,    0.42,    2.27,   -2.76,   -1.41,   -0.37,    0.01,84.7459,95.8825709609703,-16.6199813258637,110.7,214.79,219.112,71.48,83.61511,3.72,3.4736363636,1.363,1.78,2.16,1.75,0.21,0.25,0.3,2025571.0,8462.9,8186152570000.0,56894792000000.0,96.3761,3.64,26.35,68.11,5015.431818181818
2009-07-01,    7.74,    2.31,    4.89,   -0.26,    3.08,    0.01,85.7027,96.4300571385469,-15.6456173421301,110.8,214.726,219.263,71.01,83.61511,3.56,3.337826087,1.386,1.71,2.3,1.81,0.16,0.25,0.3,2000547.0,8467.3,8170120430000.0,57310280000000.0,94.2526,3.11,25.92,70.08,5228.413043478261
2009-08-01,    3.33,   -0.10,    7.60,   -2.85,    3.30,    0.01,86.6426,96.9832420520943,-15.2317880794702,112.3,215.445,219.496,71.25,84.03319,3.59,3.3052380952,1.314,1.76,2.16,1.64,0.16,0.25,0.3,2074902.0,8466.2,8152961550000.0,57669900000000.0,94.6202,2.98,26.01,69.02,6176.875
2009-09-01,    4.08,    2.72,    1.15,    1.15,    0.34,    0.01,87.4063,97.510974375702,-12.5834127740705,113.9,215.861,219.92,71.26,84.36932,3.4,3.2631818182,1.258,1.56,2.13,1.75,0.15,0.25,0.3,2141020.0,8462.7,8153645390000.0,58540530000000.0,93.1907,2.86,25.61,65.82,6195.75
2009-10-01,   -2.55,   -4.85,   -4.17,    4.22,   -1.48,    0.00,87.6419,97.9951781000113,-10.752688172043,116.1,216.509,220.501,71.42,84.28703,3.39,3.2090909091,1.404,1.41,2.39,2.0,0.12,0.25,0.3,2161537.0,8489.2,8178413500000.0,58664330000000.0,92.6207,2.86,30.69,74.91,6305.988636363636
2009-11-01,    5.58,   -2.76,   -0.33,    0.90,    0.00,    0.00,88.0221,98.4380407217398,-7.09939148073023,119.2,217.234,220.666,71.51,84.54066,3.4,3.2171428571,1.253,1.13,2.41,2.08,0.12,0.25,0.3,2206359.0,8517.9,8169984240000.0,59460470000000.0,91.3717,2.99,24.51,77.77,6682.440476190476
2009-12-01,    2.74,    6.14,   -0.11,    0.71,   -0.09,    0.01,88.3793,98.8445874438168,-3.477344573235,118.5,217.347,220.881,71.73,85.38614,3.59,3.1385,1.272,1.48,2.61,2.37,0.12,0.25,0.3,2234067.0,8510.6,8275090590000.0,60622500655155.6,92.9124,2.54,21.68,77.91,6976.97619047619
2010-01-01,   -3.35,    0.40,    0.33,   -1.08,    0.51,    0.00,89.3426,99.1953857400254,2.30515916575193,112.8,217.488,220.633,71.15,85.89341999999999,3.73,3.2575,1.308,1.3,2.75,2.33,0.11,0.25,0.3,2246886.0,8473.1,8234925070000.0,62560929175401.2,93.7638,2.57,24.62,71.2,7367.375
2010-02-01,    3.39,    1.49,    3.18,   -0.29,    1.42,    0.00,89.6779,99.455619232722,3.92817059483725,112.8,217.281,220.731,71.37,86.92914,3.69,3.17,1.295,1.48,2.43,2.13,0.13,0.25,0.3,2286127.0,8523.4,8210916120000.0,63607226457206.7,93.6602,2.62,19.5,76.36,6867.675
2010-03-01,    6.30,    1.83,    2.19,   -0.61,    1.74,    0.01,90.2928,99.6291061826409,7.40318906605922,118.1,217.353,220.783,72.16,86.31617,3.73,3.102173913,1.361,1.6,2.65,2.24,0.16,0.25,0.3,2307150.0,8519.0,8209451530000.0,64994746426638.3,92.8987,2.47,17.59,80.37,7466.934782608696
2010-04-01,    2.00,    4.96,    2.96,    0.61,    1.75,    0.01,90.5991,99.699171881368,9.34256055363321,117.8,217.403,220.822,72.45,86.49231,3.85,3.0645,1.286,1.29,2.79,2.4,0.2,0.25,0.3,2330472.0,8554.3,8268951740000.0,65656121695582.6,92.8423,2.38,22.05,86.19,7729.8375
2010-05-01,   -7.90,    0.08,   -2.48,    1.30,   -0.24,    0.01,91.823,99.6763666630233,8.67117117117118,116.5,217.29,220.962,72.54,86.40776,3.42,2.7342857143,1.257,1.32,2.29,1.99,0.2,0.25,0.3,2334041.0,8612.0,8301215080000.0,66335137023124.9,96.3062,2.89,32.07,73.0,6843.157894736842
2010-06-01,   -5.57,   -2.42,   -4.73,   -0.10,   -1.58,    0.01,91.9928,99.6007936228761,8.17469204927211,113.7,217.199,221.194,72.54,85.88638,3.2,2.5431818182,1.08,1.15,2.1,1.82,0.18,0.25,0.3,2330851.0,8631.0,8333155330000.0,67392172392530.3,95.9934,3.08,34.54,74.94,6501.5
2010-07-01,    6.92,    0.04,   -0.50,    0.17,    2.02,    0.01,92.3421,99.537278609977,7.48603351955308,113.4,217.605,221.363,72.23,86.23161999999999,3.01,2.6159090909,1.075,1.14,2.17,1.8,0.18,0.25,0.3,2325298.0,8642.3,8337672910000.0,67405147894808.3,93.2793,2.91,23.5,77.5,6750.568181818182
2010-08-01,   -4.77,   -3.06,   -1.73,    0.60,   -1.60,    0.01,92.6805,99.5357699628432,8.37053571428573,113.9,217.923,221.509,72.37,86.74595,2.7,2.35,1.023,0.95,1.85,1.52,0.19,0.25,0.3,2301015.0,8690.5,8342473540000.0,68750691826412.2,94.7204,3.01,26.05,75.51,7302.666666666667
2010-09-01,    9.55,    3.65,   -3.02,   -0.19,    0.38,    0.01,92.9537,99.6076647177816,5.99781897491822,113.3,218.275,221.711,72.6,87.26733,2.65,2.3004545455,0.898,0.75,2.26,1.78,0.19,0.25,0.3,2298691.0,8719.6,8344372870000.0,69647149503367.4,91.3415,3.05,23.7,80.77,7729.590909090909
2010-10-01,    3.87,    0.73,   -2.46,    1.28,   -0.38,    0.01,92.6903,99.7391037765785,7.33844468784228,113.1,219.035,221.83,72.81,87.8803,2.54,2.3457142857,0.903,0.5,2.78,2.13,0.19,0.25,0.3,2295392.0,8769.8,8378476210000.0,69977674085635.2,90.0935,3.15,21.2,82.47,8289.761904761905
2010-11-01,    0.59,    3.54,   -0.90,    0.32,    1.79,    0.01,92.7709,99.9180845204784,7.9694323144105,113.3,219.59,222.149,72.88,88.84555,2.76,2.5327272727,1.161,0.74,2.6,2.07,0.19,0.25,0.3,2346001.0,8790.3,8388300570000.0,71033902457308.3,92.1494,3.03,23.54,86.02,8458.420454545456
2010-12-01,    6.82,    0.97,    3.56,   -3.42,    3.17,    0.01,93.6787,100.107325230246,8.84279475982534,113.5,220.472,222.343,73.32,89.28943000000001,3.29,2.9147619048,1.133,1.0,2.77,2.3,0.18,0.25,0.3,2420570.0,8822.0,8472295450000.0,72585178555593.3,90.5146,2.68,17.75,93.23,9152.857142857143
2011-01-01,    1.98,   -2.31,    0.61,   -0.64,    0.81,    0.01,93.4814,100.267143020501,6.33047210300429,114.9,221.187,222.803,72.8,90.18423,3.39,3.0166666667,1.213,1.08,2.72,2.34,0.17,0.25,0.3,2443527.0,8844.5,8435754600000.0,73388493378832.4,89.694,2.68,19.53,98.97,9533.2
2011-02-01,    3.48,    1.65,    1.18,   -1.83,    0.84,    0.01,93.1102,100.362478799572,8.09935205183586,114.9,221.898,223.213,73.11,91.33717,3.58,3.199,1.241,1.03,2.63,2.39,0.16,0.25,0.3,2533221.0,8909.9,8415889110000.0,73613095848151.7,88.9391,2.57,18.35,112.27,9880.9375
2011-03-01,    0.46,    2.56,   -1.84,    1.73,   -0.07,    0.01,94.0788,100.35776895342,6.25662778366914,114.8,223.046,223.454,74.09,91.15383,3.41,3.2117391304,1.214,0.99,2.75,2.48,0.14,0.25,0.3,2622523.0,8967.7,8441078810000.0,75813098162833.6,88.0299,2.58,17.74,116.94,9503.358695652174
2011-04-01,    2.90,   -0.53,   -2.44,    1.12,   -0.86,    0.00,93.7749,100.249984058942,5.27426160337553,113.4,224.093,223.727,74.51,91.2455,3.46,3.3405263158,1.215,0.75,2.69,2.57,0.1,0.5,0.3,2690985.0,9033.6,8482013950000.0,75738464121629.7,85.5999,2.58,14.75,126.59,9482.75
2011-05-01,   -1.27,   -0.72,   -1.85,    1.92,   -1.43,    0.00,93.888,100.050729249653,4.04145077720207,113.3,224.806,224.175,74.52,91.33717,3.17,3.0609090909,1.118,0.8,2.5,2.25,0.09,0.5,0.3,2774996.0,9109.4,8488118150000.0,76340931367226.4,86.656,2.65,15.45,117.18,8931.675
2011-06-01,   -1.74,    0.06,   -0.20,    2.27,   -1.42,    0.00,94.172,99.7829028996643,2.48447204968944,115.1,224.806,224.697,74.51,91.61217,3.0,2.8909090909,1.084,0.75,2.83,2.43,0.09,0.5,0.3,2865251.0,9184.2,8517982800000.0,78082096627241.1,86.4786,2.72,16.52,111.71,9066.852272727272
2011-07-01,   -2.35,   -1.11,   -0.91,    2.68,   -1.73,    0.00,94.636,99.4972139888854,3.95010395010394,114.0,225.395,225.218,74.09,92.01405,3.0,2.7438095238,1.075,0.38,2.81,2.44,0.07,0.75,0.3,2863576.0,9346.9,8522260990000.0,77292369450324.1,85.7282,2.77,25.25,115.93,9650.464285714286
2011-08-01,   -5.96,   -3.09,   -2.43,    3.41,   -0.26,    0.01,95.2749,99.2592780372204,3.08959835221421,113.5,226.106,225.862,74.22,92.27545,2.3,2.2134782609,1.023,0.18,2.38,2.05,0.1,0.75,0.3,2853888.0,9532.5,8530699180000.0,78085234092749.3,86.7739,3.25,31.62,116.48,8997.988636363636
2011-09-01,   -7.57,   -3.49,   -1.53,    1.99,    0.15,    0.00,95.1961,99.1358292761573,1.95473251028806,113.8,226.597,226.118,74.77,92.71113,1.98,1.8290909091,0.975,0.17,2.0,1.75,0.08,0.75,0.3,2850921.0,9553.3,8568031090000.0,78740623951675.5,91.9998,3.3,42.96,105.42,8300.136363636364
2011-10-01,   11.34,    3.25,    0.06,   -2.25,   -0.73,    0.00,95.8568,99.1566992259131,0.816326530612244,113.2,226.75,226.506,75.03,92.79826,2.15,2.0023809524,1.038,0.08,2.3,2.09,0.07,0.75,0.3,2845685.0,9586.2,8555869480000.0,81682928502654.0,89.2053,3.02,29.96,108.43,7394.190476190476
2011-11-01,   -0.27,   -0.30,   -0.52,    1.94,    1.44,    0.00,95.8485,99.3020612514123,0.20222446916076,112.4,227.169,226.899,75.09,92.62399,2.01,1.8740909091,1.062,0.03,2.34,2.05,0.08,0.5,0.3,2814235.0,9639.5,8565193560000.0,82549398017113.3,91.4728,3.24,27.8,111.22,7581.022727272727
2011-12-01,    0.75,   -0.29,    1.54,    1.06,    2.47,    0.00,96.3571,99.520159806758,-1.2036108324975,112.8,227.223,227.405,75.34,92.88539,1.98,1.9276190476,0.971,-0.07,2.33,1.96,0.07,0.25,0.3,2926095.0,9683.5,8670606000000.0,85159093578679.2,92.4262,3.27,23.4,108.09,7558.875
2012-01-01,    5.05,    2.02,   -0.93,   -2.06,   -1.48,    0.00,96.9318,99.7379176761695,-1.41271442986882,111.4,227.842,227.877,74.74,94.27955,1.97,1.8209090909,0.959,-0.28,2.34,2.11,0.08,0.25,0.3,2919545.0,9753.3,8640110000000.0,85589889139657.6,90.5538,3.24,19.44,110.26,8061.916666666667
2012-02-01,    4.40,   -1.67,    0.42,   -0.36,   -0.08,    0.00,97.2435,99.8905407911143,-1.69830169830168,111.4,228.329,228.034,75.11,94.19241,1.97,1.8519047619,0.962,-0.28,2.53,2.26,0.1,0.25,0.3,2925722.0,9806.3,8648411000000.0,86717141785883.8,89.7487,3.1,18.43,122.23,8441.488095238095
2012-03-01,    3.11,   -0.48,    1.19,   -0.61,    0.70,    0.00,96.74,99.9508278755349,-1.99600798403192,111.9,228.807,228.478,76.08,94.36668,2.17,1.8304545455,0.966,-0.09,2.62,2.32,0.13,0.25,0.3,2878137.0,9849.3,8718042000000.0,89556549664190.3,90.4593,3.07,15.5,123.41,8470.784090909092
2012-04-01,   -0.84,   -0.50,   -0.77,    1.30,    0.66,    0.00,97.4359,99.9230015922522,-2.40480961923846,109.3,229.187,228.905,76.43,94.27955,2.05,1.6242105263,0.914,-0.3,2.44,2.25,0.14,0.25,0.3,2866561.0,9905.0,8721253000000.0,88960403617308.7,90.3634,3.2,17.15,118.66,8285.526315789473
2012-05-01,   -6.17,   -0.08,   -0.95,    2.03,    2.36,    0.01,97.6609,99.8308690209989,-2.09163346613545,109.6,228.713,229.224,76.33,94.01814,1.8,1.3368181818,0.846,-0.5,2.46,2.09,0.16,0.25,0.3,2842654.0,9951.9,8752512000000.0,90004877427416.8,94.6856,3.4,24.06,103.86,7896.909090909091
2012-06-01,    3.90,    0.89,    0.55,   -1.06,    0.45,    0.00,97.6663,99.7150564508138,-1.6161616161616,109.5,228.524,229.623,76.27,93.49534,1.62,1.3004761905,0.789,-0.46,2.54,2.13,0.16,0.25,0.3,2863547.0,10023.7,8810355000000.0,92499119943634.2,92.9096,3.39,17.08,94.17,7428.289473684211
2012-07-01,    0.79,   -2.81,   -0.06,    1.04,    0.01,    0.00,97.8713,99.6259600757681,-2.3,109.2,228.59,229.97,75.87,93.58247,1.53,1.2422727273,0.78,-0.69,2.57,2.2,0.16,0.0,0.3,2846757.0,10076.0,8833836000000.0,91907240194736.7,92.8422,3.27,18.93,105.93,7584.261363636364
2012-08-01,    2.54,    0.44,    1.23,   -1.50,   -0.86,    0.01,97.4525,99.5902797272439,-1.69830169830168,108.9,229.918,230.233,76.16,94.193,1.68,1.3417391304,0.8,-0.68,2.55,2.25,0.13,0.0,0.3,2812806.0,10147.8,8826210000000.0,92489458650000.0,92.1677,3.21,17.47,113.93,7510.431818181818
2012-09-01,    2.73,    0.57,    1.62,   -1.30,    1.56,    0.01,97.381,99.6223837871563,-2.52270433905146,109.2,231.015,230.659,76.72,94.48211,1.72,1.4905,0.757,-0.77,2.73,2.42,0.14,0.0,0.3,2804457.0,10228.4,8866345000000.0,94368875340000.0,90.8342,3.07,15.73,111.36,8087.7425
2012-10-01,   -1.76,   -0.83,    3.52,   -1.40,    2.52,    0.01,97.7193,99.6966870729957,-3.03643724696357,109.6,231.638,231.024,76.9,94.38338,1.75,1.4669565217,0.76,-0.78,2.88,2.5,0.16,0.0,0.3,2823137.0,10294.4,8928497000000.0,93640427920000.0,91.1609,2.73,18.6,109.89,8062.032608695652
2012-11-01,    0.78,    0.40,   -0.86,    0.38,    0.81,    0.01,98.0777,99.7952786208221,-4.03632694248235,110.1,231.249,231.33,76.74,94.54095,1.65,1.3359090909,0.713,-0.79,2.81,2.41,0.16,0.0,0.3,2851362.0,10365.6,8955965000000.0,94483235000000.0,91.1038,2.95,15.87,110.84,7711.227272727273
2012-12-01,    1.18,    1.92,    3.48,   -1.72,    0.80,    0.01,98.3101,99.9196466328739,-2.94416243654822,110.3,231.221,231.725,77.02,95.23661,1.72,1.2994117647,0.781,-0.67,2.81,2.45,0.16,0.0,0.3,2907300.0,10485.4,9044639000000.0,97414880200000.0,91.0834,2.85,18.02,110.8,7966.486842105263
2013-01-01,    5.57,    0.42,    1.01,   -2.01,    1.52,    0.00,98.3342,100.063403135689,-2.55885363357216,110.3,231.679,232.229,76.22,96.18855,1.91,1.5122727273,0.775,-0.57,2.85,2.59,0.14,0.0,0.3,3008704.0,10502.3,9017783000000.0,99212925225443.2,90.798,2.82,14.28,115.55,8053.738636363636
2013-02-01,    1.29,   -0.25,    0.21,   -0.59,    0.61,    0.00,98.7941,100.210340233688,-3.04878048780488,109.9,232.937,232.569,76.5,97.24627,1.98,1.5435,0.669,-0.64,2.88,2.53,0.15,0.0,0.3,3090600.0,10523.0,9052631000000.0,99860082892266.1,92.295,2.89,15.51,112.2,8060.925
2013-03-01,    4.03,    0.88,   -0.22,    0.27,    1.41,    0.00,99.1921,100.334268216615,-1.83299389002037,108.9,232.282,232.794,77.4,96.37189,1.96,1.3545,0.492,-0.64,2.78,2.51,0.14,0.0,0.3,3202256.0,10578.7,9081338000000.0,103585837066030.0,92.302,2.96,12.7,108.46,7652.375
2013-04-01,    1.56,   -2.24,    0.44,    0.39,    0.43,    0.00,99.1065,100.449583511154,-0.821355236139641,109.3,231.797,232.832,77.33,96.56242,1.76,1.1961904762,0.589,-0.64,2.62,2.34,0.15,0.0,0.3,3318649.0,10608.9,9103737000000.0,103255190300943.0,91.3741,2.83,13.52,101.53,7221.161904761905
2013-05-01,    2.81,    2.04,    2.67,   -2.00,   -0.95,    0.00,99.1839,100.563395150797,-1.52594099694813,109.2,231.893,232.996,77.41,95.98406,1.93,1.2940909091,0.879,-0.05,2.55,2.21,0.11,0.0,0.3,3385128.0,10646.5,9128400000000.0,104216916212108.0,93.6076,2.79,16.3,100.43,7248.714285714286
2013-06-01,   -1.20,    1.54,   -0.05,   -0.28,   -0.06,    0.00,99.3897,100.652634850682,-0.616016427104742,108.9,232.445,233.35,77.5,95.98406,2.3,1.5305,0.822,0.53,2.22,1.99,0.09,0.0,0.3,3478672.0,10705.6,9129744000000.0,105440369294308.0,94.3047,2.83,16.86,102.49,7000.2375
2013-07-01,    5.65,    1.75,    0.58,   -1.35,    0.57,    0.00,99.0814,100.705998864282,-1.74002047082908,109.7,232.9,233.88,77.08,96.07897,2.58,1.5656521739,0.79,0.38,2.57,2.22,0.09,0.0,0.3,3571797.0,10743.0,9157419000000.0,105221234430136.0,93.5703,2.68,13.45,107.89,6906.641304347826
2013-08-01,   -2.71,   -0.03,   -2.73,    0.71,   -2.17,    0.00,99.6543,100.73593973994,-2.03252032520326,110.4,233.456,234.336,77.18,96.56228,2.74,1.735,0.708,0.68,2.42,2.1,0.08,0.0,0.3,3644456.0,10803.6,9185109000000.0,106125642579219.0,94.7541,2.56,17.01,115.97,7186.25
2013-09-01,    3.77,    2.65,   -1.18,   -0.54,   -1.32,    0.00,100.161,100.748381547154,0.0,110.2,233.544,234.7,77.55,97.33187,2.81,1.8880952381,0.669,0.45,2.64,2.19,0.08,0.0,0.3,3734018.0,10865.8,9179608000000.0,107737916304772.0,92.9207,2.75,16.6,107.85,7159.269047619048
2013-10-01,    4.17,   -1.50,    1.22,    2.75,    0.89,    0.00,100.082,100.753200310571,0.313152400835077,110.3,233.669,234.921,77.46,97.4296,2.62,1.762173913,0.59,0.4,2.6,2.17,0.09,0.0,0.3,3843396.0,10989.2,9218195000000.0,107024216664233.0,92.731,2.65,13.75,107.53,7203.021739130435
2013-11-01,    3.12,    1.44,    0.19,    0.26,    0.06,    0.00,100.3158,100.758670122188,2.41850683491064,110.0,234.1,235.359,77.39,97.3318,2.72,1.6771428571,0.605,0.6,2.61,2.15,0.08,0.0,0.3,3925876.0,10999.8,9236345000000.0,107925705547773.0,93.6291,2.61,13.7,111.07,7070.654761904762
2013-12-01,    2.80,   -0.44,    0.00,   -0.58,    0.08,    0.00,100.5175,100.752399102537,1.67364016736403,109.7,234.719,235.759,77.67,97.6238,2.9,1.7977777778,0.688,0.8,2.79,2.24,0.09,0.0,0.3,4032575.0,11062.4,9212147000000.0,110652497992422.0,93.5576,2.33,13.72,109.95,7214.9
2014-01-01,   -3.30,    0.60,   -1.99,   -3.91,   -1.54,    0.00,100.1599,100.739838302946,1.78571428571429,109.7,235.288,235.961,76.8,98.6,2.86,1.7559090909,0.614,0.53,2.56,2.14,0.07,0.0,0.3,4102138.0,11127.5,9244220000000.0,112352120956304.0,95.1774,2.4,18.41,108.16,7291.465909090909
2014-02-01,    4.68,    0.13,   -0.35,   -0.25,   -0.54,    0.00,100.9168,100.755801323095,2.30607966457021,108.6,235.547,236.185,77.04,99.1,2.71,1.5585,0.586,0.49,2.55,2.17,0.07,0.0,0.3,4159972.0,11191.9,9272606000000.0,113176083333495.0,94.3879,2.35,14.0,108.98,7149.2125
2014-03-01,    0.41,   -1.13,    4.90,    2.02,    1.92,    0.00,101.8942,100.801380582452,0.622406639004134,108.8,236.028,236.625,77.76,98.6,2.72,1.5085714286,0.605,0.6,2.56,2.13,0.08,0.0,0.3,4226971.0,11228.8,9277870000000.0,116068738304199.0,94.2432,2.26,13.88,105.95,6650.035714285714
2014-04-01,   -0.19,   -4.07,    1.22,    3.40,    0.93,    0.00,101.9928,100.857801007578,2.07039337474119,108.7,236.468,237.072,77.88,98.2,2.71,1.4565,0.61,0.49,2.4,2.18,0.09,0.0,0.3,4296049.0,11276.0,9289816000000.0,116881267341323.0,93.8896,2.16,13.41,108.63,6673.5625
2014-05-01,    2.04,   -1.86,   -0.10,   -0.09,   -0.96,    0.00,102.3836,100.907007163134,1.03305785123967,108.8,236.918,237.529,77.79,98.3,2.56,1.3271428571,0.566,0.26,2.51,2.22,0.09,0.0,0.3,4322654.0,11343.1,9328806000000.0,118229395815816.0,93.7606,2.22,11.4,109.21,6891.125
2014-06-01,    2.61,    3.06,   -0.71,   -1.83,   -1.91,    0.00,102.735,100.942015625024,0.516528925619842,109.2,237.231,237.837,77.88,98.2,2.6,1.2642857143,0.536,0.27,2.52,2.26,0.1,-0.1,0.3,4368348.0,11398.4,9355707000000.0,120958719736328.0,93.2058,2.18,11.57,111.03,6821.142857142857
2014-07-01,   -2.03,   -4.20,   -0.08,    0.93,    0.51,    0.00,102.9632,100.958610088492,2.18750000000001,109.0,237.498,238.195,77.37,98.2,2.54,1.1143478261,0.527,0.29,2.61,2.29,0.09,-0.1,0.3,4406637.0,11452.5,9393273000000.0,119424923991663.0,94.4467,2.17,16.95,104.94,7113.380434782609
2014-08-01,    4.24,    0.29,   -0.57,   -0.64,   -0.69,    0.00,102.7688,100.959337752927,-0.103734439834038,106.9,237.46,238.405,77.46,98.4,2.42,0.9561904762,0.488,0.23,2.48,2.12,0.09,-0.1,0.3,4413736.0,11477.8,9443850000000.0,119749908384625.0,94.7251,2.23,11.98,101.12,7001.8375
2014-09-01,   -1.96,   -3.66,   -1.47,    1.20,   -0.59,    0.00,103.0641,100.946473792448,0.828157349896491,108.0,237.477,238.786,77.8,98.9,2.53,0.9213636364,0.497,0.55,2.38,1.97,0.09,-0.2,0.3,4459050.0,11520.7,9475081000000.0,120205141184955.0,97.5261,2.29,16.31,94.67,6872.215909090909
2014-10-01,    2.51,    3.66,   -1.63,   -0.39,    0.21,    0.00,103.0764,100.915525428388,1.04058272632675,107.7,237.43,239.191,77.75,98.9,2.3,0.7909090909,0.465,0.43,2.31,1.92,0.09,-0.2,0.3,4486754.0,11596.5,9497903000000.0,119923631381594.0,98.1163,2.39,14.03,84.17,6737.478260869565
2014-11-01,    2.56,   -2.30,   -3.13,    1.57,    0.14,    0.00,103.7126,100.86539228139,-0.616016427104742,107.2,236.983,239.458,77.61,98.6,2.33,0.719,0.42,0.39,2.19,1.79,0.09,-0.2,0.3,4485931.0,11638.9,9569281000000.0,120860594890828.0,100.0719,2.52,13.33,71.89,6712.85
2014-12-01,   -0.05,    2.83,    2.12,   -1.21,    0.90,    0.00,103.7044,100.790600983479,1.02880658436214,107.9,236.252,239.584,77.54,99.0,2.21,0.5889473684,0.33,0.49,2.09,1.68,0.12,-0.2,0.3,4497660.0,11721.2,9668681000000.0,122837480654446.0,102.2843,2.51,19.2,55.27,6446.452380952381
2015-01-01,   -3.09,   -0.93,   -3.45,    1.58,   -1.64,    0.00,102.8905,100.694361117654,0.825593395252837,107.9,234.747,239.811,76.34,99.3,1.88,0.39,0.275,0.03,2.01,1.65,0.11,-0.2,0.3,4500064.0,11806.2,9749062000000.0,124270956100000.0,105.5884,2.61,20.97,47.52,5830.535714285714
2015-02-01,    6.14,    0.36,   -1.79,   -1.10,   -1.75,    0.00,102.2335,100.585952146336,2.45901639344263,106.8,235.342,240.172,76.81,100.5,1.98,0.302,0.33,0.17,2.17,1.83,0.11,-0.2,0.3,4486725.0,11920.7,9764289000000.0,125738447800000.0,105.5981,2.46,13.34,61.89,5729.275
2015-03-01,   -1.09,    3.08,   -0.38,    0.07,   -0.62,    0.00,101.8914,100.479416467865,3.19587628865979,105.6,235.976,240.755,77.71,99.9,2.04,0.2272727273,0.4,0.18,2.01,1.76,0.11,-0.2,0.3,4480603.0,11919.1,9810907000000.0,127533277661997.0,107.4396,2.55,15.29,53.69,5939.670454545455
2015-04-01,    0.60,   -3.01,    1.80,    0.05,   -0.62,    0.00,101.3355,100.375267439598,1.01419878296146,105.9,236.222,241.346,78.04,99.7,1.94,0.122,0.34,0.11,2.16,1.94,0.12,-0.2,0.3,4471499.0,11953.4,9859662000000.0,128077914306519.0,105.312,2.6,14.55,63.9,6042.0875
2015-05-01,    1.38,    0.82,   -1.11,   -1.76,   -0.83,    0.00,100.8883,100.26515755656,2.55623721881391,106.1,237.001,241.688,78.26,99.5,2.2,0.5557894737,0.39,0.32,2.03,1.8,0.12,-0.2,0.3,4463981.0,11981.9,9914221000000.0,130735763080841.0,106.7388,2.72,13.84,63.16,6294.776315789474
2015-06-01,   -1.54,    2.90,   -0.82,    0.35,   -1.54,    0.00,100.571,100.143039496149,3.28879753340187,106.8,237.657,242.064,78.27,99.5,2.36,0.7927272727,0.455,0.48,2.13,1.87,0.13,-0.2,0.3,4495055.0,12020.9,9946958000000.0,133337536453853.0,106.5191,2.83,18.23,60.31,5833.011363636364
2015-07-01,    1.57,   -4.58,   -4.16,    0.31,   -2.44,    0.00,101.2228,99.987147361936,2.95616717635067,106.0,238.034,242.565,77.79,99.9,2.32,0.71,0.41,0.46,2.12,1.74,0.13,-0.2,0.3,4485480.0,12063.5,10011211000000.0,135321092482599.0,108.7819,2.94,12.12,53.29,5456.75
2015-08-01,   -6.02,    0.29,    2.75,    0.66,    1.29,    0.00,101.0367,99.8077419311447,3.63447559709242,106.1,238.033,242.817,77.79,100.4,2.17,0.6085714286,0.38,0.58,2.0,1.63,0.14,-0.2,0.3,4475105.0,12110.1,10037605000000.0,135690797692855.0,110.5621,3.15,28.43,47.97,5127.3
2015-09-01,   -3.06,   -2.80,    0.55,    1.80,   -0.59,    0.00,100.7547,99.6337954310177,2.97741273100614,105.7,237.498,243.316,77.96,100.5,2.17,0.6540909091,0.35,0.65,1.75,1.41,0.14,-0.2,0.3,4484111.0,12172.7,10068328000000.0,135982405527006.0,111.3311,3.29,24.5,47.29,5217.25
2015-10-01,    7.75,   -2.06,   -0.47,    0.95,    0.61,    0.00,100.2675,99.4898155297267,3.50154479917613,105.6,237.733,243.768,78.05,100.1,2.07,0.5181818182,0.3,0.63,1.86,1.53,0.12,-0.2,0.3,4489339.0,12228.4,10124772000000.0,136102070462698.0,110.2079,3.19,15.07,48.0,5216.090909090909
2015-11-01,    0.57,    3.30,   -0.43,   -2.65,   -1.06,    0.00,99.5298,99.3679450587823,3.30578512396695,106.2,238.017,244.241,77.72,100.1,2.26,0.5161904762,0.3,0.62,1.88,1.59,0.12,-0.2,0.3,4477088.0,12322.7,10186100000000.0,137395601474437.0,112.34,3.2,16.13,43.73,4799.904761904762
2015-12-01,   -2.15,   -2.95,   -2.57,    0.34,    0.12,    0.01,99.0417,99.261778924303,1.93482688391037,105.9,237.761,244.547,77.73,100.6,2.24,0.5455,0.27,0.73,1.77,1.54,0.24,-0.3,0.3,4486587.0,12393.6,10215459000000.0,139227810919881.0,113.3429,3.23,18.21,36.61,4638.833333333333
2016-01-01,   -5.74,   -3.44,    2.08,    2.78,    3.05,    0.01,99.5607,99.1761900111516,5.22006141248721,105.9,237.652,244.955,76.58,101.1,2.09,0.4305,0.095,0.53,1.63,1.41,0.34,-0.3,0.3,4482349.0,12522.2,10274065000000.0,141631955112113.0,115.5731,3.48,20.2,33.14,4471.7875
2016-02-01,   -0.07,    0.87,   -0.61,    3.31,    1.94,    0.02,99.0445,99.1184734952036,0.900000000000001,105.4,237.336,245.51,76.71,102.7,1.78,0.1728571429,-0.065,0.32,1.61,1.42,0.38,-0.3,0.3,4489796.0,12604.4,10312438000000.0,142461867792204.0,114.2418,3.55,20.55,35.92,4598.619047619048
2016-03-01,    6.95,    1.00,    1.22,    0.68,    0.01,    0.02,98.3096,99.0994563010755,0.399600399600427,106.8,238.08,245.913,77.67,102.2,1.89,0.1714285714,-0.05,0.16,1.75,1.62,0.36,-0.4,0.3,4482840.0,12662.2,10348009000000.0,144619802900000.0,109.9191,3.12,13.95,36.75,4953.797619047619
2016-04-01,    0.91,    1.23,    3.22,   -2.85,    1.77,    0.01,98.6421,99.1003205073339,2.30923694779118,106.0,238.992,246.551,77.84,102.0,1.81,0.1342857143,-0.085,0.12,1.82,1.71,0.37,-0.4,0.3,4474665.0,12741.9,10376779000000.0,144520958800000.0,108.8274,2.86,15.7,45.64,4872.738095238095
2016-05-01,    1.78,   -0.62,   -1.62,   -1.10,   -2.54,    0.01,98.4184,99.1051112739557,0.0997008973080771,106.0,239.557,247.137,78.16,101.6,1.81,0.1328571429,-0.12,0.3,1.61,1.54,0.37,-0.4,0.3,4461111.0,12800.7,10416638000000.0,146169510000000.0,112.4276,2.84,14.19,49.26,4694.5375
2016-06-01,   -0.03,    0.42,   -1.49,    1.45,    1.90,    0.02,98.8833,99.1072384447106,0.895522388059691,106.2,240.222,247.54,78.3,101.4,1.64,-0.0168181818,-0.23,0.09,1.42,1.4,0.38,-0.4,0.3,4466482.0,12849.3,10457644000000.0,149049182794442.0,112.1618,2.92,15.63,48.05,4641.965909090909
2016-07-01,    3.94,    2.47,   -1.24,    1.31,   -1.16,    0.02,98.9992,99.125260010599,0.297029702970279,106.0,240.101,247.829,77.92,101.6,1.5,-0.1542857143,-0.195,-0.03,1.67,1.49,0.39,-0.4,0.3,4464498.0,12907.3,10512054000000.0,149155871700000.0,111.874,2.71,11.87,40.76,4864.904761904762
2016-08-01,    0.49,    1.66,    3.17,   -1.85,   -0.36,    0.02,98.85,99.171387217631,1.50300601202403,106.3,240.545,248.423,77.97,101.7,1.56,-0.1317391304,-0.07,0.11,1.67,1.47,0.4,-0.4,0.3,4457907.0,12986.7,10547979000000.0,151098290500000.0,112.4036,2.61,13.42,47.94,4751.670454545455
2016-09-01,    0.27,    1.81,   -1.19,   -2.18,    0.03,    0.02,98.7457,99.260111063812,1.19641076769693,106.1,241.176,248.842,78.27,102.4,1.63,-0.0840909091,-0.085,0.0,1.75,1.6,0.4,-0.4,0.3,4452002.0,13052.7,10573312000000.0,151636050000000.0,112.2795,2.69,13.29,48.24,4722.204545454545
2016-10-01,   -2.01,   -4.02,    4.11,    0.99,    0.25,    0.02,98.7611,99.386316494498,1.79104477611938,106.1,241.741,249.142,78.45,102.3,1.76,0.002,-0.05,0.11,1.87,1.73,0.4,-0.4,0.3,4454326.0,13124.5,10590298000000.0,151948540477789.0,114.0188,2.61,17.06,46.2,4731.261904761905
2016-11-01,    4.85,    6.96,    8.29,   -0.24,    3.71,    0.01,98.3491,99.5340305953897,2.8,106.2,242.026,249.481,78.17,102.4,2.14,0.1890909091,0.02,0.43,2.11,1.94,0.41,-0.4,0.3,4446307.0,13214.2,10667463000000.0,153043206189849.0,117.7636,2.45,13.33,47.95,5450.931818181818
2016-12-01,    1.81,    0.44,    3.47,    1.24,   -0.32,    0.03,99.0214,99.6823585389919,2.29770229770231,106.0,242.637,249.92,78.58,102.6,2.49,0.2519047619,0.04,0.5,2.06,1.95,0.54,-0.4,0.3,4451451.0,13240.6,10686288000000.0,155006666781086.0,118.3466,2.28,14.04,54.96,5660.35
2017-01-01,    1.94,   -1.44,   -2.76,   -0.51,   -1.06,    0.04,98.7611,99.8009931534133,-0.778210116731528,106.0,243.618,250.467,77.91,103.7,2.43,0.2509090909,0.085,0.4,2.16,2.05,0.65,-0.4,0.3,4452838.0,13318.9,10744692000000.0,157594558824035.0,116.2241,2.23,11.99,55.25,5754.559523809524
2017-02-01,    3.55,   -2.30,   -1.50,    0.45,   -1.80,    0.04,98.3646,99.8782290588316,1.68483647175421,106.3,244.006,250.998,78.21,103.5,2.42,0.258,0.05,0.34,2.15,2.02,0.66,-0.4,0.3,4468702.0,13395.2,10797860000000.0,158291307400000.0,116.0032,2.19,12.92,53.36,5940.9125
2017-03-01,    0.17,    0.75,   -3.33,    0.63,   -0.95,    0.03,99.0137,99.9150210861083,1.89054726368157,107.6,243.892,250.944,78.87,103.2,2.48,0.3482608696,0.065,0.43,2.17,1.97,0.79,-0.4,0.3,4469618.0,13464.6,10876141000000.0,159960957300000.0,114.7938,2.24,12.37,52.2,5824.630434782609
2017-04-01,    1.08,    0.41,   -2.05,    1.79,   -1.60,    0.05,100.0224,99.9267865786752,1.37389597644747,106.5,244.193,251.227,79.31,103.2,2.3,0.2255555556,0.015,0.37,2.03,1.92,0.9,-0.4,0.3,4470142.0,13520.3,10876141000000.0,159633186800000.0,114.7877,2.28,10.82,49.46,5683.902777777778
2017-05-01,    1.07,   -2.99,   -3.82,    0.99,   -1.66,    0.06,100.1408,99.9341204703746,3.28685258964146,106.5,244.004,251.43,79.25,103.3,2.3,0.3363636364,0.04,0.4,1.9,1.81,0.91,-0.4,0.3,4459914.0,13567.4,10876141000000.0,160136041500000.0,113.2956,2.23,10.41,49.4,5599.559523809524
2017-06-01,    0.78,    2.52,    1.50,   -2.26,    0.04,    0.06,100.3471,99.9521451900724,1.97238658777119,107.6,244.163,251.746,79.32,103.1,2.19,0.2504761905,0.075,0.58,1.83,1.73,1.04,-0.4,0.3,4463347.0,13577.0,10876141000000.0,163128253000000.0,111.9896,2.09,11.18,47.08,5719.761363636364
2017-07-01,    1.88,   -1.64,   -0.23,   -0.75,   -0.15,    0.07,100.1068,99.9868482989814,3.55380059230012,106.4,244.243,251.985,78.96,103.0,2.32,0.4557142857,0.075,0.48,1.97,1.82,1.15,-0.4,0.3,4465284.0,13638.5,10876141000000.0,162899663081962.0,109.8177,2.06,10.26,51.99,5985.119047619048
2017-08-01,    0.18,   -1.83,   -2.13,    0.20,   -2.38,    0.09,99.6925,100.063628844344,4.24481737413624,106.0,245.183,252.535,79.17,103.5,2.21,0.3460869565,0.01,0.36,1.94,1.76,1.16,-0.4,0.3,4452360.0,13695.0,10876141000000.0,164515660058768.0,109.3686,2.14,10.59,52.69,6485.625
2017-09-01,    2.49,    4.76,    3.15,   -1.54,    1.63,    0.09,99.7954,100.174576365087,3.54679802955663,106.6,246.435,252.812,79.49,104.1,2.2,0.3471428571,0.06,0.49,2.0,1.84,1.15,-0.4,0.3,4455661.0,13743.0,10876141000000.0,165566206768995.0,110.0867,2.0,9.51,57.02,6577.166666666667
2017-10-01,    2.25,   -1.91,    0.13,    0.92,   -3.14,    0.09,101.0247,100.307123317697,2.83479960899315,106.2,246.626,253.526,79.53,104.2,2.36,0.3725,0.065,0.5,1.97,1.88,1.15,-0.4,0.3,4461117.0,13801.5,10876141000000.0,165343415785166.0,111.8052,1.91,10.18,61.35,6807.602272727273
2017-11-01,    3.12,   -0.38,   -0.09,    3.19,   -0.10,    0.08,101.2664,100.443358961361,4.96108949416342,106.1,247.284,253.816,79.36,104.2,2.35,0.3081818182,0.035,0.56,1.99,1.86,1.16,-0.4,0.3,4438592.0,13849.1,10876141000000.0,167001339753416.0,110.4648,1.88,11.28,63.53,6826.545454545455
2017-12-01,    1.06,   -1.05,    0.05,    0.73,    1.79,    0.09,101.4644,100.578723780114,5.46875000000001,106.2,247.805,254.344,79.64,104.5,2.4,0.2968421053,0.045,0.44,2.06,1.96,1.3,-0.4,0.3,4448680.0,13887.3,10876141000000.0,169023533554568.0,110.0783,1.77,11.04,66.73,6833.894736842105
2018-01-01,    5.58,   -3.21,   -1.32,   -0.75,   -1.05,    0.11,101.4625,100.712798632164,3.72549019607844,106.2,248.859,255.204,78.92,105.2,2.58,0.4745454545,0.08,0.61,2.24,2.11,1.41,-0.4,0.3,4419225.0,13902.4,10876141000000.0,172081445272825.0,106.7696,1.56,13.54,67.78,7065.852272727273
2018-02-01,   -3.64,    0.34,   -1.10,    0.53,   -2.36,    0.11,101.7085,100.834545757965,2.33918128654972,107.2,249.529,255.711,79.09,106.5,2.86,0.659,0.045,0.75,2.2,2.12,1.42,-0.4,0.3,4393401.0,13949.8,10876141000000.0,172907011807809.0,108.3903,1.68,19.85,66.08,7006.525
2018-03-01,   -2.35,    3.61,   -0.21,   -0.41,    0.08,    0.12,102.2067,100.91185959567,2.73437499999999,106.0,249.577,256.271,79.97,105.3,2.84,0.5295238095,0.045,0.69,2.18,2.05,1.51,-0.4,0.3,4392198.0,14014.5,10876141000000.0,173985947770954.0,107.4784,1.85,19.97,69.02,6799.178571428571
2018-04-01,    0.29,    0.89,    0.53,   -2.42,    1.24,    0.14,103.3329,100.937810196055,1.74249757986447,107.0,250.227,256.63,80.29,105.1,2.87,0.48,0.05,0.78,2.24,2.17,1.69,-0.4,0.3,4372886.0,14034.8,10876141000000.0,173768372950626.0,109.3363,1.79,15.93,75.92,6851.5125
2018-05-01,    2.63,    4.71,   -3.14,   -1.98,   -1.49,    0.14,102.4024,100.921435183111,2.7000964320154,106.8,250.792,257.145,80.79,104.9,2.98,0.45,0.03,0.76,2.11,2.07,1.7,-0.4,0.3,4327519.0,14091.0,10876141000000.0,174306379232330.0,111.9894,1.89,15.43,76.45,6825.27380952381
2018-06-01,    0.49,    0.77,   -2.33,    0.83,    0.20,    0.14,103.198,100.873993206377,2.61121856866537,106.0,251.018,257.399,80.88,104.9,2.91,0.3271428571,0.03,0.74,2.16,2.11,1.82,-0.4,0.3,4305491.0,14133.2,10876141000000.0,177017837280000.0,113.2586,1.99,16.09,77.44,6965.857142857143
2018-07-01,    3.20,   -1.93,    0.49,    1.53,    0.31,    0.16,103.3646,100.79852600734,-0.0953288846520508,106.0,251.214,257.699,80.7,105.2,2.89,0.2745454545,0.06,0.84,2.24,2.12,1.91,-0.4,0.3,4277681.0,14170.0,10876141000000.0,177619610516409.0,112.7299,1.83,12.83,74.16,6250.75
2018-08-01,    3.46,    0.65,   -3.91,   -0.29,   -2.57,    0.16,104.0327,100.697943463239,0.757575757575768,106.1,251.663,257.891,80.82,105.9,2.89,0.2908695652,0.11,0.78,2.18,2.08,1.91,-0.4,0.3,4218914.0,14221.3,10876141000000.0,178867042970175.0,114.2755,1.92,12.86,76.94,6051.045454545455
2018-09-01,    0.06,   -2.49,   -1.62,    0.65,    1.36,    0.15,104.1004,100.557525589814,0.285442435775456,105.8,252.182,258.368,81.14,106.6,3.0,0.3705,0.125,0.91,2.25,2.14,1.95,-0.4,0.3,4192909.0,14243.9,10876141000000.0,180166558147986.0,113.8077,1.84,12.12,82.72,6050.7625
2018-10-01,   -7.64,   -4.38,    3.38,    1.03,    3.60,    0.19,103.9856,100.372618658275,0.475285171102668,105.9,252.772,258.917,81.34,106.8,3.15,0.3990909091,0.13,1.1,2.2,2.05,2.19,-0.4,0.3,4139731.0,14257.6,10876141000000.0,179556159556340.0,116.5281,2.03,21.23,74.84,6219.586956521739
2018-11-01,    1.71,   -0.81,    0.36,   -0.61,    0.40,    0.18,104.0681,100.160601801263,-3.33642261353107,105.4,252.594,259.439,80.89,106.4,3.12,0.3140909091,0.085,1.04,2.17,1.97,2.2,-0.4,0.3,4097170.0,14288.4,10876141000000.0,181317506539151.0,116.413,2.27,18.07,57.71,6195.920454545455
2018-12-01,   -9.55,   -2.81,   -1.92,   -0.03,    0.24,    0.19,104.0936,99.944051640931,-3.14814814814815,105.7,252.767,260.063,80.85,106.5,2.83,0.1870588235,-0.01,0.98,1.91,1.71,2.27,-0.4,0.3,4075636.0,14392.0,10876141000000.0,182674421936410.0,115.5674,2.45,25.42,50.57,6075.315789473684
2019-01-01,    8.36,    2.91,   -0.39,   -0.73,   -1.65,    0.21,103.4021,99.7446802618773,-0.189035916824199,105.7,252.561,260.766,80.01,107.0,2.71,0.1327272727,0.0,0.78,2.0,1.85,2.4,-0.4,0.3,4039678.0,14460.2,10876141000000.0,186593532659733.0,113.5504,2.38,16.57,62.46,5939.102272727273
2019-02-01,    3.42,    1.72,   -2.66,    0.16,   -1.54,    0.18,102.8371,99.5798506903019,0.380952380952365,105.3,253.319,261.186,80.27,108.1,2.68,0.0555,-0.015,0.78,2.06,1.95,2.4,-0.4,0.3,3974590.0,14506.6,10876141000000.0,186742744803641.0,114.1991,2.22,14.78,65.03,6300.4875
2019-03-01,    1.10,   -3.52,   -4.14,    0.88,   -0.90,    0.19,102.8757,99.4481757482916,0.380228136882134,108.5,254.277,261.567,81.09,107.7,2.57,0.010952381,-0.095,0.53,1.98,1.88,2.41,-0.4,0.3,3955617.0,14559.5,10876141000000.0,188941213660000.0,115.1371,2.26,13.71,67.93,6439.464285714286
2019-04-01,    3.97,   -1.15,    2.13,    1.61,   -2.18,    0.21,102.274,99.3272042607032,0.285442435775456,105.4,255.233,261.997,81.67,107.8,2.53,-0.0395,-0.045,0.56,2.05,1.95,2.42,-0.4,0.3,3928273.0,14594.0,10876141000000.0,188467032670746.0,115.3281,2.14,13.12,72.19,6438.3625
2019-05-01,   -6.92,   -1.56,   -2.45,   -0.48,    1.76,    0.21,102.392,99.214214005615,-0.751173708920177,105.0,255.296,262.217,81.78,107.8,2.4,-0.1345454545,-0.095,0.4,1.9,1.74,2.39,-0.4,0.3,3851444.0,14703.2,10876141000000.0,189115369625331.0,116.7273,2.37,18.71,66.78,6017.904761904762
2019-06-01,    6.99,    0.19,   -0.64,    0.45,   -0.55,    0.18,102.4375,99.1121347875984,-1.69651272384543,106.3,255.213,262.739,81.91,107.7,2.07,-0.3152631579,-0.165,0.31,1.85,1.69,2.38,-0.4,0.3,3826817.0,14798.8,10876141000000.0,192136019033428.0,114.5821,2.31,15.08,67.52,5882.225
2019-07-01,    1.22,   -1.82,    0.50,   -0.13,    0.37,    0.19,101.9408,99.0285933103768,-0.572519083969473,104.8,255.802,263.28,81.52,108.1,2.06,-0.3882608696,-0.16,0.26,1.96,1.76,2.4,-0.4,0.3,3779102.0,14882.7,10876141000000.0,191941081632526.0,115.4946,2.13,16.12,64.07,5941.195652173913
2019-08-01,   -2.55,   -3.25,   -4.77,    0.53,   -0.62,    0.16,102.639,98.9750458514347,-1.69172932330827,104.4,256.036,263.877,81.64,108.9,1.63,-0.6490909091,-0.28,-0.05,1.75,1.55,2.13,-0.4,0.3,3759946.0,14974.4,10876141000000.0,193549242773720.0,118.1575,2.26,18.98,61.04,5709.440476190476
2019-09-01,    1.42,    0.29,    6.76,    1.82,    3.38,    0.18,102.2917,98.9780186672135,-0.948766603415551,105.8,256.43,264.388,81.82,109.8,1.7,-0.5947619048,-0.215,0.15,1.71,1.53,2.04,-0.5,0.3,3857715.0,15047.2,10876141000000.0,193549242773720.0,117.9461,2.2,16.24,60.99,5759.25
2019-10-01,    2.07,    0.25,   -1.92,    0.43,   -1.03,    0.15,101.4281,99.0325701453465,-0.662251655629127,104.7,257.155,264.97,81.93,110.8,1.71,-0.4695454545,-0.15,0.15,1.64,1.54,1.83,-0.5,0.3,4019823.0,15185.6,10876141000000.0,193549242773720.0,115.9125,2.18,13.22,59.3,5757.297826086957
2019-11-01,    3.87,    0.39,   -2.00,   -1.64,   -1.14,    0.12,101.9372,99.1156805338003,-0.57526366251195,106.2,257.879,265.548,81.67,111.2,1.81,-0.3523809524,-0.08,0.17,1.72,1.61,1.55,-0.5,0.3,4052875.0,15301.3,10876141000000.0,193549242773720.0,117.1204,2.08,12.62,64.5,5859.952380952381
2019-12-01,    2.76,    0.99,    1.73,    0.05,    1.19,    0.14,101.7003,99.1945266653832,-2.77246653919693,106.9,258.63,266.02,81.93,111.2,1.86,-0.2994444444,-0.025,0.15,1.86,1.77,1.55,-0.5,0.3,4165591.0,15351.5,10876141000000.0,193549242773720.0,114.669,1.98,13.78,67.77,6077.0625
2020-01-01,   -0.09,   -4.37,   -6.22,   -1.19,   -2.19,    0.13,101.0338,99.2299518381407,-1.32575757575757,106.9,259.127,266.716,81.1,112.8,1.76,-0.3136363636,-0.065,-0.14,1.7,1.65,1.55,-0.5,0.3,4151630.0,15425.0,10876141000000.0,193549242773720.0,115.7345,2.13,18.84,57.77,6031.209090909091
2020-02-01,   -8.15,    0.08,   -3.82,   -1.43,   -2.53,    0.12,101.3735,99.1924410245772,-1.51802656546489,86.5,259.25,267.37,81.25,113.7,1.5,-0.466,-0.155,-0.28,1.49,1.41,1.58,-0.5,0.3,4158637.0,15492.8,10876141000000.0,193549242773720.0,117.6568,2.38,40.11,51.31,5687.75
2020-03-01,  -13.35,   -8.18,  -13.83,   -1.61,    1.19,    0.12,97.4078,97.7816194228771,-12.3106060606061,98.9,258.076,267.054,81.69,112.3,0.87,-0.5413636364,0.005,-0.17,1.25,0.87,0.65,-0.5,0.3,5254278.0,16034.4,10876141000000.0,193549242773720.0,122.5301,3.93,53.54,14.85,5182.631818181818
2020-04-01,   13.58,    2.57,   -1.34,    2.76,   -1.02,    0.00,84.5619,92.9050775905146,-28.4629981024668,103.9,256.032,265.746,81.93,111.3,0.66,-0.4495,-0.04,-0.43,1.42,1.07,0.05,-0.5,0.3,6655929.0,17064.0,10876141000000.0,193549242773720.0,122.327,3.23,34.15,18.11,5057.972
2020-05-01,    5.59,    1.92,   -5.00,    0.96,   -3.16,    0.01,85.9604,94.4391051321235,-18.8268684957427,104.4,255.802,265.412,81.85,110.4,0.67,-0.5165,0.0,-0.5,1.47,1.15,0.05,-0.5,0.3,7097316.0,17931.9,10876141000000.0,193549242773720.0,120.9458,3.08,27.51,34.15,5239.826315789474
2020-06-01,    2.44,    1.95,   -2.17,    0.14,    0.55,    0.01,91.5934,96.3059447617953,-10.6423777564717,104.8,257.042,265.849,82.13,110.4,0.73,-0.4342857143,0.03,-0.68,1.52,1.34,0.08,-0.5,0.3,7082302.0,18180.0,10876141000000.0,193549242773720.0,120.4649,2.93,30.43,41.64,5754.595454545455
2020-07-01,    5.83,   -3.19,   -1.44,    0.38,    0.97,    0.01,95.0256,97.8631096666131,-5.85412667946257,104.8,258.352,267.389,81.84,110.0,0.62,-0.5230434783,0.01,-1.0,1.7,1.55,0.09,-0.5,0.3,6949032.0,18331.4,10876141000000.0,193549242773720.0,117.2082,2.6,24.46,43.13,6372.460869565217
2020-08-01,    7.62,   -0.89,   -3.02,    4.27,   -1.51,    0.01,95.9549,98.5758586087277,-5.64053537284895,105.6,259.316,268.422,81.5,111.5,0.65,-0.5233333333,0.045,-1.08,1.91,1.8,0.1,-0.5,0.3,6990418.0,18413.3,10876141000000.0,193549242773720.0,115.7586,2.67,26.41,45.22,6508.392857142857
2020-09-01,   -3.64,   -0.01,   -2.72,   -1.38,   -1.93,    0.01,95.9669,98.8762496596837,-5.45977011494253,106.9,259.997,268.933,81.56,111.7,0.68,-0.5240909091,0.015,-0.94,1.76,1.63,0.09,-0.5,0.3,7056129.0,18605.0,10876141000000.0,193549242773720.0,116.946,2.75,26.37,40.3,6704.9
2020-10-01,   -2.08,    4.67,    4.25,   -0.77,   -0.57,    0.01,96.7394,99.2442144452171,-3.04761904761907,106.9,260.319,269.306,81.71,111.4,0.79,-0.6072727273,0.04,-0.82,1.81,1.7,0.09,-0.5,0.3,7146306.0,18759.9,10876141000000.0,193549242773720.0,116.1354,2.61,38.02,36.33,6713.811363636364
2020-11-01,   12.44,    7.12,    2.09,   -2.25,    1.28,    0.01,97.0816,99.643407067489,0.964320154291216,107.0,260.911,269.981,81.43,110.7,0.87,-0.6147619048,0.03,-0.93,1.86,1.77,0.09,-0.5,0.3,7216480.0,19002.4,10876141000000.0,193549242773720.0,113.2256,2.29,20.57,46.84,7068.907142857143
2020-12-01,    4.63,    4.93,   -1.68,   -1.97,   -0.06,    0.01,98.363,100.058648444607,2.85152409046214,107.3,262.045,270.341,81.7,111.5,0.93,-0.6185,0.02,-1.06,2.03,1.99,0.09,-0.5,0.3,7363351.0,19119.4,10876141000000.0,193549242773720.0,111.3169,2.18,22.75,51.22,7772.238095238095
2021-01-01,   -0.07,    6.81,    3.22,   -3.65,    4.97,    0.00,98.8822,100.424497216805,1.34357005758157,107.3,262.687,270.387,81.84,112.55,1.08,-0.5835,0.055,-1.02,2.05,2.13,0.09,-0.5,0.3,7404926.0,19375.3,10876141000000.0,193549242773720.0,111.9511,2.17,33.09,55.25,7972.1475
2021-02-01,    2.81,    4.50,    7.20,    0.33,   -1.99,    0.00,95.6149,100.777770353185,0.289017341040466,107.3,263.579,270.793,82.01,113.2193,1.26,-0.4455,0.15,-0.71,1.91,2.15,0.08,-0.5,0.3,7590111.0,19641.4,10876141000000.0,193549242773720.0,112.8306,2.12,27.95,65.86,8470.94
2021-03-01,    3.16,   -0.84,    7.35,    6.35,    3.52,    0.00,98.3856,101.089002678226,13.6069114470842,114.1,264.961,271.459,82.78,112.6615,1.61,-0.3647826087,0.12,-0.63,2.2,2.37,0.07,-0.5,0.3,7688988.0,19874.5,10876141000000.0,193549242773720.0,113.8234,2.03,19.4,63.52,8988.247826086958
2021-04-01,    4.97,   -3.16,   -1.02,    2.43,   -2.72,    0.00,98.5587,101.326606232386,41.1140583554377,109.8,266.614,273.66,83.25,112.3269,1.64,-0.325,0.09,-0.76,2.25,2.41,0.07,-0.5,0.3,7780962.0,20174.1,10876141000000.0,193549242773720.0,112.0839,1.96,18.61,67.73,9324.8175
2021-05-01,    0.29,    1.27,    7.04,    2.34,    3.01,    0.00,99.4333,101.387544561238,22.1445221445222,108.8,268.383,275.465,83.47,112.2154,1.62,-0.2235,0.08,-0.84,2.27,2.42,0.06,-0.5,0.3,7903541.0,20457.2,10876141000000.0,193549242773720.0,110.7576,1.99,16.76,69.36,10166.285
2021-06-01,    2.73,   -0.30,   -7.86,   -2.14,   -0.93,    0.00,99.7987,101.383034438431,10.5150214592275,108.3,270.654,277.651,83.69,111.7692,1.52,-0.2886363636,0.05,-0.87,2.17,2.32,0.08,-0.5,0.3,8078544.0,20472.1,10876141000000.0,193549242773720.0,112.5533,1.87,15.83,76.94,9631.5
2021-07-01,    1.34,   -4.55,   -1.79,    5.50,   -0.59,    0.00,100.2519,101.328752976313,8.46075433231398,106.4,271.903,278.648,83.61,112.1038,1.32,-0.4513636364,0.015,-1.16,2.24,2.4,0.1,-0.5,0.3,8221473.0,20629.1,10876141000000.0,193549242773720.0,112.6714,1.95,18.24,77.72,9450.820454545456
2021-08-01,    2.95,   -0.66,   -0.23,   -0.26,   -1.72,    0.00,100.0437,101.259091720864,5.5724417426545,105.3,272.676,278.997,83.9,112.2154,1.28,-0.5386363636,0.02,-1.03,2.18,2.33,0.09,-0.5,0.3,8332743.0,20843.2,10876141000000.0,193549242773720.0,113.1076,1.94,16.48,73.45,9370.138571428572
2021-09-01,   -4.40,    1.12,    5.12,   -1.92,    2.00,    0.00,98.8579,101.206675764522,5.97771023302938,103.1,273.91,279.698,84.3,112.2154,1.37,-0.3627272727,0.065,-0.85,2.23,2.37,0.08,-0.5,0.3,8447981.0,20984.5,10876141000000.0,193549242773720.0,114.6403,1.85,23.14,77.81,9324.709545454543
2021-10-01,    6.63,   -2.70,   -0.53,    1.71,   -1.54,    0.00,100.1861,101.176716165662,2.94695481335955,103.5,276.55,281.668,85.02,112.9962,1.58,-0.2042857143,0.095,-0.96,2.13,2.51,0.08,-0.5,0.3,8556181.0,21163.3,10876141000000.0,193549242773720.0,114.1349,1.69,16.26,83.1,9829.219047619048
2021-11-01,   -1.58,   -1.70,   -0.37,    7.19,    1.70,    0.00,100.8654,101.153008231889,0.955109837631319,103.8,278.919,283.406,85.4,113.4424,1.56,-0.3136363636,0.05,-1.07,2.2,2.5,0.08,-0.5,0.3,8681771.0,21340.1,10876141000000.0,193549242773720.0,116.2071,1.81,27.19,70.86,9728.904545454545
2021-12-01,    3.24,   -0.78,    3.25,    4.88,    4.29,    0.01,100.5726,101.106127606166,4.39770554493307,104.3,280.845,285.18,85.76,113.1077,1.47,-0.3842857143,0.07,-1.04,2.25,2.56,0.08,-0.5,0.3,8757460.0,21502.0,10876141000000.0,193549242773720.0,115.283,1.85,17.22,77.24,9551.18
2022-01-01,   -6.15,   -4.01,   12.86,    0.77,    7.73,    0.00,100.1856,101.011268243438,1.04166666666666,104.3,282.543,286.757,86.02,113.6655,1.76,-0.1147619048,0.17,-0.65,2.06,2.44,0.08,-0.5,0.3,8860485.0,21646.4,10876141000000.0,193549242773720.0,115.566,1.93,24.83,92.35,9782.3375
2022-02-01,   -2.28,    2.86,    3.06,   -2.03,    3.03,    0.00,100.8064,100.861781141307,2.68972142170991,104.3,284.5,288.273,86.83,114.3347,1.93,0.15,0.18,-0.79,2.13,2.62,0.08,-0.5,0.3,8928129.0,21724.7,10876141000000.0,193549242773720.0,115.2224,2.34,30.15,103.08,9943.175
2022-03-01,    3.08,   -2.11,   -1.90,   -1.50,    3.21,    0.00,101.3907,100.648612038117,1.04562737642585,105.0,287.674,289.056,88.94,114.3347,2.13,0.2817391304,0.21,-0.52,2.34,2.84,0.2,-0.5,0.3,8937142.0,21787.2,10876141000000.0,193549242773720.0,115.2218,1.93,20.56,107.29,10230.89391304348
2022-04-01,   -9.41,   -0.35,    6.18,    3.41,    5.92,    0.00,101.44,100.375069331183,-1.1278195488722,97.1,288.561,290.514,89.45,114.7809,2.75,0.7463157895,0.215,0.01,2.46,2.88,0.33,-0.5,0.3,8939199.0,21767.6,10876141000000.0,193549242773720.0,119.4933,2.05,33.4,108.36,10174.34761904762
2022-05-01,   -0.33,   -0.03,    8.44,    1.55,    3.95,    0.03,101.3335,100.050725907762,3.14885496183204,100.7,291.298,292.063,90.19,114.5578,2.9,0.9527272727,0.235,0.21,2.32,2.64,0.77,-0.5,0.3,8914281.0,21717.4,10876141000000.0,193549242773720.0,118.0704,2.18,26.19,125.53,9395.027272727271
2022-06-01,   -8.40,    1.33,   -6.00,    1.76,   -4.58,    0.06,101.018,99.724577503427,3.7864077669903,103.9,294.957,294.05,90.92,114.5578,3.14,1.445,0.225,0.65,2.08,2.33,1.21,-0.5,0.3,8913553.0,21646.7,10876141000000.0,193549242773720.0,120.9652,2.31,28.71,119.78,9067.551818181819
2022-07-01,    9.57,    1.78,   -4.15,    0.77,   -6.85,    0.08,101.223,99.4462253083237,-0.375939849624065,103.8,294.913,295.088,91.02,115.1156,2.9,1.0819047619,0.18,0.14,2.33,2.53,1.68,0.0,0.3,8890004.0,21649.2,10876141000000.0,193549242773720.0,121.7678,2.36,21.33,111.51,7544.809523809524
2022-08-01,   -3.77,    1.48,    0.18,   -4.74,    1.32,    0.19,101.0963,99.2303039170116,5.95009596928984,104.2,295.097,296.535,91.58,115.004,2.9,1.0343478261,0.22,0.67,2.38,2.48,2.33,0.0,0.3,8826093.0,21641.9,10876141000000.0,193549242773720.0,123.535,2.18,25.87,96.55,7990.812173913043
2022-09-01,   -9.34,   -0.98,    0.03,   -1.33,   -0.77,    0.19,101.2918,99.0611541390451,5.54493307839389,106.3,296.349,298.226,92.67,115.3387,3.52,1.7954545455,0.24,1.68,2.16,2.15,2.56,0.75,0.3,8795567.0,21541.3,10876141000000.0,193549242773720.0,127.5148,2.24,31.62,88.9,7746.011363636364
2022-10-01,    7.86,    1.81,    7.97,    3.27,    6.43,    0.23,101.2529,98.9257088376414,3.91221374045802,105.0,298.007,299.399,94.05,115.4502,3.98,2.1866666667,0.245,1.58,2.37,2.52,3.08,0.75,0.3,8723090.0,21464.1,10876141000000.0,193549242773720.0,127.6219,2.28,25.88,93.3,7651.082857142857
2022-11-01,    4.69,   -2.75,    1.48,    6.29,    3.15,    0.29,100.9552,98.8165965210356,2.83822138126773,102.2,298.786,300.325,93.98,115.2271,3.89,2.0663636364,0.25,1.34,2.27,2.34,3.78,1.5,0.3,8584576.0,21409.4,10876141000000.0,193549242773720.0,123.5175,2.15,20.58,85.61,8049.861363636364
2022-12-01,   -6.38,   -0.20,    1.34,    0.34,    4.28,    0.33,99.7664,98.7375300845459,-2.38095238095237,101.3,298.832,301.394,93.65,115.1156,3.62,2.0852380952,0.41,1.58,2.27,2.3,4.1,2.0,0.3,8551169.0,21293.1,10876141000000.0,193549242773720.0,121.4256,1.99,21.67,82.82,8371.091363636364
2023-01-01,    6.60,    4.40,   -3.94,   -2.44,   -4.43,    0.35,100.505,98.6801008380348,0.281162136832244,101.3,300.42,302.642,93.45,116.0079,3.53,2.1927272727,0.49,1.28,2.21,2.24,4.33,2.0,0.3,8470557.0,21274.0,10876141000000.0,193549242773720.0,118.9802,1.9,19.4,83.42,9007.346363636363
2023-02-01,   -2.57,    0.57,   -0.80,    0.99,   -1.51,    0.34,100.6416,98.6237170844327,1.68381665107575,101.3,301.45,304.123,94.21,115.4502,3.75,2.3705,0.5,1.49,2.28,2.43,4.57,2.5,0.3,8382190.0,21240.2,10876141000000.0,193549242773720.0,121.3341,1.9,20.7,83.21,8936.587
2023-03-01,    2.49,   -6.89,   -9.05,    2.27,   -2.10,    0.36,101.0205,98.5796946037833,-2.06961429915333,103.9,301.821,305.147,95.06,115.1156,3.66,2.3834782609,0.32,1.16,2.24,2.32,4.65,3.0,0.3,8705942.0,20942.3,10876141000000.0,193549242773720.0,119.3602,2.11,18.7,79.19,8856.310869565217
2023-04-01,    0.63,   -2.57,   -0.12,    2.41,    2.85,    0.35,101.253,98.5718993963872,0.0,105.6,302.845,306.534,95.66,114.8925,3.46,2.3594444444,0.385,1.26,2.16,2.18,4.83,3.0,0.3,8562768.0,20758.3,10876141000000.0,193549242773720.0,119.2248,2.08,15.78,81.32,8809.1575
2023-05-01,    0.33,   -0.43,   -7.79,   -1.78,   -7.08,    0.36,100.9286,98.6061824116717,-2.59019426456984,103.5,303.334,307.652,95.69,114.7809,3.57,2.3422727273,0.43,1.46,2.29,2.18,5.06,3.25,0.3,8385854.0,20829.6,10876141000000.0,193549242773720.0,120.9662,2.16,17.94,71.98,8243.156086956522
2023-06-01,    6.46,    1.28,   -0.13,    2.31,   -1.54,    0.40,100.1196,98.6797473377559,-1.59027128157158,104.4,304.014,308.322,95.93,114.5578,3.75,2.3763636364,0.395,1.59,2.26,2.22,5.08,3.5,0.3,8340914.0,20798.9,10876141000000.0,193549242773720.0,119.3606,1.88,13.59,74.51,8396.517727272727
2023-07-01,    3.21,    2.86,    4.06,   -0.59,    0.66,    0.45,100.9067,98.7594604999374,-2.07547169811321,103.7,304.609,308.96,95.83,114.7809,3.9,2.4566666667,0.595,1.6,2.47,2.37,5.12,3.5,0.3,8243344.0,20792.2,10876141000000.0,193549242773720.0,117.8241,1.77,13.63,85.22,8476.679047619047
2023-08-01,   -2.36,   -3.64,   -1.15,    3.33,   -2.37,    0.45,100.8393,98.8196030683195,-5.43478260869566,104.5,306.082,309.58,96.35,115.1156,4.17,2.5456521739,0.64,1.85,2.33,2.24,5.33,3.75,0.3,8121316.0,20782.0,10876141000000.0,193549242773720.0,120.225,1.83,13.57,87.29,8347.828260869564
2023-09-01,   -5.23,   -1.77,    1.50,    1.85,   -0.75,    0.43,101.0211,98.8563129961962,-6.34057971014495,104.5,307.276,310.539,96.67,115.3387,4.38,2.6614285714,0.765,2.24,2.48,2.35,5.33,4.0,0.3,8002064.0,20753.6,10876141000000.0,193549242773720.0,122.3077,1.78,17.52,95.86,8276.71380952381
2023-10-01,   -3.15,   -4.03,    0.20,    2.41,   -0.72,    0.47,100.4689,98.8833651939071,-5.69329660238752,104.6,307.696,311.457,96.75,115.2271,4.8,2.8231818182,0.95,2.46,2.44,2.42,5.33,4.0,0.3,7907830.0,20737.5,10876141000000.0,193549242773720.0,123.8364,1.85,18.14,86.82,7941.355909090909
2023-11-01,    8.88,   -0.21,    1.67,   -3.73,   -1.08,    0.44,100.8639,98.9320769777816,-5.69329660238752,106.6,308.148,312.392,96.21,114.6694,4.5,2.6013636364,0.66,2.14,2.31,2.23,5.33,4.0,0.3,7796145.0,20749.7,10876141000000.0,193549242773720.0,120.2434,1.67,12.92,81.72,8189.587727272727
2023-12-01,    4.85,    7.25,    4.89,   -2.94,    1.26,    0.43,100.6031,99.018664777056,-5.69329660238752,106.6,308.741,313.195,96.37,114.7809,4.02,2.1021052632,0.62,1.72,2.2,2.16,5.33,4.0,0.3,7712781.0,20779.9,10876141000000.0,193549242773720.0,118.4208,1.61,12.45,77.69,8407.900476190476
2024-01-01,    0.73,   -5.70,   -2.38,    0.64,   -0.95,    0.47,99.2223,99.1301817146539,-5.69329660238752,106.6,309.698,314.319,96.03,115.004,4.06,2.1745454545,0.73,1.73,2.28,2.26,5.33,4.0,0.3,7630124.0,20835.5,10876141000000.0,193549242773720.0,120.4331,1.61,14.35,82.98,8351.339565217391
2024-02-01,    5.07,   -0.84,   -3.43,   -2.03,   -2.21,    0.42,100.285,99.242264927569,-5.69329660238752,106.6,310.967,315.564,96.63,116.231,4.21,2.3319047619,0.71,1.92,2.26,2.33,5.33,4.0,0.3,7567807.0,20921.7,10876141000000.0,193549242773720.0,121.1824,1.55,13.4,84.57,8304.950476190475
2024-03-01,    2.84,   -1.20,    4.16,    1.32,    1.14,    0.43,100.4575,99.3303548668359,-5.69329660238752,106.6,312.345,316.792,97.35,115.2271,4.21,2.3495,0.725,1.88,2.26,2.32,5.33,4.0,0.3,7484739.0,20965.9,10876141000000.0,193549242773720.0,121.0191,1.5,13.01,86.17,8692.819047619048
2024-04-01,   -4.65,   -2.60,   -0.45,    1.15,   -0.34,    0.47,100.2434,99.3726906100479,-5.69329660238752,106.6,313.023,317.649,97.91,115.1156,4.54,2.4457142857,0.87,2.28,2.39,2.41,5.33,4.0,0.3,7402434.0,20955.5,10876141000000.0,193549242773720.0,122.9853,1.44,15.65,88.23,9445.593636363636
2024-05-01,    4.32,    0.57,   -1.31,    3.21,   -2.90,    0.44,100.863,99.3770230068773,-5.69329660238752,106.6,313.175,318.095,98.13,115.1156,4.48,2.5195454545,1.07,2.16,2.36,2.35,5.33,4.0,0.3,7284319.0,21021.7,10876141000000.0,193549242773720.0,122.098,1.46,12.92,79.41,10117.16347826087
2024-06-01,    2.80,   -4.32,   -3.36,    0.56,   -1.79,    0.41,100.894,99.3732187401246,-5.69329660238752,106.6,313.044,318.39,98.33,114.7809,4.31,2.4845,1.05,2.08,2.32,2.28,5.33,3.75,0.3,7231163.0,21070.7,10876141000000.0,193549242773720.0,124.2103,1.55,12.44,87.26,9648.167
2024-07-01,    1.22,    8.33,    5.57,    0.26,    0.27,    0.45,99.9757,99.3952625996657,-5.69329660238752,106.6,313.569,318.94,98.3,115.3387,4.25,2.4582608696,1.045,1.85,2.35,2.24,5.33,3.75,0.3,7178391.0,21098.8,10876141000000.0,193549242773720.0,123.6373,1.68,16.36,81.39,9385.31304347826
2024-08-01,    1.61,   -3.57,   -1.13,    0.75,    0.79,    0.48,100.4309,99.4591957079447,-5.69329660238752,106.6,314.062,319.75,98.43,115.7848,3.87,2.2077272727,0.89,1.76,2.29,2.15,5.33,3.75,0.3,7123238.0,21191.9,10876141000000.0,193549242773720.0,122.3262,1.69,15.0,80.2,8981.117727272727
2024-09-01,    1.73,   -0.91,   -2.73,    0.19,   -0.25,    0.40,99.8084,99.5650655492442,-5.69329660238752,106.6,314.732,320.732,98.34,115.7848,3.72,2.1671428571,0.855,1.63,2.29,2.18,5.13,3.5,0.3,7080059.0,21275.5,10876141000000.0,193549242773720.0,121.2864,1.63,16.73,72.35,9259.128571428571
2024-10-01,   -1.00,   -0.86,    0.91,   -1.49,    1.02,    0.39,99.4695,99.6885312661833,-5.69329660238752,106.6,315.631,321.731,98.68,115.5617,4.1,2.2295652174,0.935,1.95,2.28,2.33,4.83,3.25,0.3,7013490.0,21336.7,10876141000000.0,193549242773720.0,124.7988,1.46,23.16,73.25,9533.991304347826
2024-11-01,    6.49,    4.63,    0.38,   -2.27,   -1.93,    0.40,99.2925,99.803617961947,-5.69329660238752,106.6,316.528,322.657,98.36,114.8925,4.36,2.3057142857,1.05,1.92,2.19,2.26,4.64,3.25,0.3,6905140.0,21454.8,10876141000000.0,193549242773720.0,126.5798,1.44,13.51,74.16,9075.727142857144
2024-12-01,   -3.16,   -3.82,   -2.97,    1.88,   -1.20,    0.37,100.3273,99.8761306079338,-5.69329660238752,106.6,317.604,323.259,98.71,114.8925,4.39,2.1788888889,1.09,2.24,2.3,2.34,4.48,3.0,0.3,6885963.0,21487.6,10876141000000.0,193549242773720.0,129.2775,1.42,17.35,74.58,8909.907727272726
2025-01-01,    2.80,   -1.23,    1.76,   -2.35,   -3.22,    0.37,100.0647,99.8827296078538,-5.69329660238752,106.6,318.961,324.638,98.43,115.5617,4.63,2.4836363636,1.245,2.16,2.3,2.42,4.33,3.0,0.3,6818186.0,21539.2,10876141000000.0,193549242773720.0,128.4828,1.45,16.43,77.11,8976.68043478261
2025-02-01,   -2.43,   -4.88,    4.84,    1.07,    3.09,    0.33,101.0993,99.8290643493041,-5.69329660238752,106.6,319.679,325.465,98.85,115.3387,4.45,2.4055,1.37,1.86,2.18,2.38,4.33,2.75,0.3,6766101.0,21607.2,10876141000000.0,193549242773720.0,128.2805,1.57,19.63,74.76,9330.975
2025-03-01,   -6.39,   -1.47,    2.87,    2.09,   -0.46,    0.34,101.0404,99.7394278474064,-5.69329660238752,106.6,319.785,325.69,99.46,115.1156,4.28,2.7414285714,1.485,1.85,2.15,2.38,4.33,2.5,0.3,6740253.0,21684.1,10876141000000.0,193549242773720.0,126.7075,1.76,22.28,77.23,9735.823333333332
2025-04-01,   -0.84,   -1.83,   -3.29,   -2.83,   -2.59,    0.35,101.1279,99.6571610022642,-5.69329660238752,106.6,320.302,326.467,100.02,115.0297,4.28,2.5105,1.31,1.94,2.17,2.23,4.33,2.25,0.3,6709277.0,21770.9,10876141000000.0,193549242773720.0,122.5921,1.96,24.7,63.37,9172.69590909091
2025-05-01,    6.06,   -0.77,   -2.81,    1.29,    2.48,    0.38,100.9655,99.6310939608453,-5.69329660238752,106.6,320.62,326.893,99.96,115.0297,4.42,2.5628571429,1.5,2.07,2.29,2.34,4.33,2.25,0.3,6673244.0,21836.2,10876141000000.0,193549242773720.0,121.7674,1.84,18.57,64.32,9531.200909090909
2025-06-01,    4.86,   -0.08,   -1.43,   -3.19,    1.38,    0.34,101.4785,99.6551231641363,-5.69329660238752,106.6,321.435,327.658,100.26,115.0297,4.38,2.519047619,1.42,1.95,2.27,2.29,4.33,2.0,0.3,6662200.0,21942.7,10876141000000.0,193549242773720.0,119.4088,1.75,16.73,68.15,9835.068095238095
2025-07-01,    1.98,   -0.13,   -1.28,   -0.24,   -2.04,    0.34,101.894,99.6995377403926,-5.69329660238752,106.6,322.169,328.682,100.28,115.0297,4.39,2.6313043478,1.545,1.98,2.32,2.39,4.33,2.0,0.3,6642578.0,22025.5,10876141000000.0,193549242773720.0,121.721,1.67,16.72,73.43,9770.580434782609
2025-08-01,    1.84,    4.81,    4.44,   -0.74,    1.99,    0.38,101.6247,99.7533318470094,-5.69329660238752,106.6,323.291,329.7,100.42,115.0297,4.26,2.6733333333,1.6,1.82,2.35,2.41,4.33,2.0,0.3,6603384.0,22092.5,10876141000000.0,193549242773720.0,120.2082,1.8,15.36,67.83,9671.875714285714
2025-09-01,    3.39,   -2.24,   -0.93,   -2.15,   -2.24,    0.33,101.668,99.8251484304636,-5.69329660238752,106.6,324.245,330.418,100.52,115.0297,4.12,2.6931818182,1.645,1.8,2.3,2.36,4.22,2.0,0.3,6608395.0,22176.1,10876141000000.0,193549242773720.0,120.1368,1.67,16.28,68.52,9994.773181818182
2025-10-01,    1.96,   -1.62,   -2.76,   -5.80,   -4.04,    0.37,101.2195,99.9246397878938,-5.69329660238752,106.6,324.245,330.418,100.73,115.0297,4.06,2.617826087,1.655,1.81,2.2,2.3,4.09,2.0,0.3,6587034.0,22249.8,10876141000000.0,193549242773720.0,121.3859,1.69,17.44,65.44,10739.91826086957
2025-11-01,   -0.13,    1.62,    3.62,    1.66,    0.62,    0.30,101.0344,100.060302648121,-5.69329660238752,106.6,325.063,331.043,100.44,115.0297,4.09,2.6575,1.805,1.79,2.17,2.23,3.88,2.0,0.3,6552419.0,22279.8,10876141000000.0,193549242773720.0,121.0527,1.78,16.35,64.07,10812.028
2025-12-01,   -0.36,   -0.17,    2.36,    0.38,    0.39,    0.34,101.4941,100.22365935999,-5.69329660238752,106.6,326.031,331.814,100.62,115.0297,4.14,2.8142105263,2.06,1.93,2.24,2.25,3.72,2.0,0.3,6640618.0,22355.3,10876141000000.0,193549242773720.0,119.7456,1.72,14.95,61.35,11790.96409090909
2026-01-01,    1.03,    3.21,    3.82,    1.80,    1.81,    0.30,101.0388,100.395377820569,-5.69329660238752,106.6,326.588,332.793,100.04,115.0297,4.21,2.8066666667,2.24,1.9,2.19,2.36,3.64,2.0,0.3,6587568.0,22420.1,10876141000000.0,193549242773720.0,117.8996,1.62,17.44,72.25,12986.60681818182
2026-02-01,   -1.18,    0.74,    2.71,    1.91,    5.04,    0.28,101.9053,100.538535273365,-5.69329660238752,106.6,327.46,333.512,100.7,115.0297,4.13,2.745,2.11,1.72,2.1,2.25,3.64,2.0,0.3,6613797.0,22620.3,10876141000000.0,193549242773720.0,117.8223,1.8,19.86,71.32,12951.345
2026-03-01,   -5.18,    0.66,    3.41,   -2.08,   -0.10,    0.29,101.7543,100.639621464448,-5.69329660238752,106.6,330.293,334.165,101.98,115.0297,4.25,2.91,2.345,2.0,2.06,2.3,3.64,2.0,0.3,6657161.0,22676.1,10876141000000.0,193549242773720.0,121.035,1.79,25.25,126.69,12528.70954545455
2026-04-01,    9.95,    0.38,   -1.17,   -4.30,   -3.78,    0.29,102.5198,100.711273811123,-5.69329660238752,106.6,332.407,335.423,103.02,115.0297,4.32,3.001,2.515,1.94,2.25,2.46,3.64,2.0,0.3,6699950.0,22799.9,10876141000000.0,193549242773720.0,118.671,1.7,16.89,124.24,12890.68772727273
2026-05-01,    4.91,   -2.77,   -2.16,   -8.42,   -1.40,    0.31,102.5099,100.758798652186,-5.69329660238752,106.6,333.979,336.121,103.1,115.0297,4.48,3.0465,2.65,2.07,2.24,2.38,3.63,2.0,0.3,6704383.0,23055.6,10876141000000.0,193549242773720.0,118.8783,1.57,15.32,92.88,13512.15619047619
2026-06-01,   -1.07,    4.58,    3.34,   -4.64,    3.46,    0.29,102.7868,100.802396471123,-5.69329660238752,106.6,332.568,336.065,103.0,115.0297,4.47,2.97,2.67,2.2,2.22,2.24,3.63,2.25,0.3,6735645.0,23155.2,10876141000000.0,193549242773720.0,120.9248,1.53,16.45,70.46,13552.04090909091
