Date,Rolling_Realized_TE
2006-03-01,
2006-04-01,
2006-05-01,
2006-06-01,
2006-07-01,
2006-08-01,
2006-09-01,
2006-10-01,
2006-11-01,
2006-12-01,
2007-01-01,
2007-02-01,0.10520374916947228
2007-03-01,0.10935123444975003
2007-04-01,0.11346782571252167
2007-05-01,0.10894959595884048
2007-06-01,0.10906706409117611
2007-07-01,0.0826736131763343
2007-08-01,0.07760340648094519
2007-09-01,0.07695300039216854
2007-10-01,0.07379960298734373
2007-11-01,0.0719908290439355
2007-12-01,0.07035235342248393
2008-01-01,0.06747789559317986
2008-02-01,0.061274868569859274
2008-03-01,0.0642049220935839
2008-04-01,0.05871882498480208
2008-05-01,0.060871214508067546
2008-06-01,0.06281200463050256
2008-07-01,0.0742159508851125
2008-08-01,0.11258424040864605
2008-09-01,0.16606322064476028
2008-10-01,0.16646669074183326
2008-11-01,0.15812355366576641
2008-12-01,0.16613807584027546
2009-01-01,0.15546769630566815
2009-02-01,0.16328068745685023
2009-03-01,0.16164161052359363
2009-04-01,0.16483582340212868
2009-05-01,0.1700516228947468
2009-06-01,0.191871329253814
2009-07-01,0.22139786312813736
2009-08-01,0.22748537341645694
2009-09-01,0.18844555614827013
2009-10-01,0.19638420541881582
2009-11-01,0.1871946263843952
2009-12-01,0.1395816880554964
2010-01-01,0.10147142546693486
2010-02-01,0.100521848661022
2010-03-01,0.08488054511681
2010-04-01,0.08238900232166738
2010-05-01,0.07198621213937051
2010-06-01,0.07289979948071845
2010-07-01,0.08875763405264747
2010-08-01,0.08699214896589087
2010-09-01,0.08594856322415294
2010-10-01,0.08514246411568575
2010-11-01,0.0829520605911821
2010-12-01,0.0847851985087181
2011-01-01,0.07871213643217204
2011-02-01,0.08043533693409896
2011-03-01,0.08031790530617679
2011-04-01,0.08624328051339734
2011-05-01,0.0734789026256073
2011-06-01,0.06571746279135293
2011-07-01,0.06251090931163637
2011-08-01,0.06625575856493418
2011-09-01,0.0664589322928817
2011-10-01,0.07049934637493495
2011-11-01,0.07309069917535796
2011-12-01,0.0633543863199113
2012-01-01,0.05824166095723647
2012-02-01,0.05785061309442281
2012-03-01,0.061707767513576595
2012-04-01,0.05431591324947035
2012-05-01,0.05064031863070057
2012-06-01,0.048923229911481354
2012-07-01,0.05192599328319195
2012-08-01,0.05255440067752043
2012-09-01,0.0525374334985707
2012-10-01,0.049104317799704526
2012-11-01,0.046506719610078115
2012-12-01,0.03768953437525172
2013-01-01,0.03935889863104717
2013-02-01,0.0391503773666479
2013-03-01,0.03474968656554654
2013-04-01,0.031014676410205944
2013-05-01,0.03177431458098416
2013-06-01,0.02752806737796679
2013-07-01,0.0266754524303644
2013-08-01,0.027896923724981034
2013-09-01,0.03161105988019478
2013-10-01,0.035781617617488756
2013-11-01,0.03456958959125197
2013-12-01,0.03574488344602967
2014-01-01,0.048210216829313826
2014-02-01,0.04883134766390481
2014-03-01,0.04935818677307361
2014-04-01,0.04950389120940038
2014-05-01,0.051350252148918876
2014-06-01,0.05028783153164164
2014-07-01,0.0503609362357587
2014-08-01,0.049555556231996305
2014-09-01,0.04032853143359185
2014-10-01,0.04205358280238108
2014-11-01,0.042044805367210454
2014-12-01,0.04283448095888614
2015-01-01,0.0346986773000987
2015-02-01,0.03721915348065117
2015-03-01,0.039675360742446604
2015-04-01,0.047367762297087085
2015-05-01,0.04567752203062894
2015-06-01,0.0470671509090253
2015-07-01,0.04762224460476096
2015-08-01,0.045584640821819566
2015-09-01,0.04688929999850636
2015-10-01,0.0461910089018537
2015-11-01,0.0470831860358736
2015-12-01,0.047686364904507735
2016-01-01,0.061412287803948674
2016-02-01,0.05770367985993932
2016-03-01,0.0590868268288039
2016-04-01,0.04752757544223586
2016-05-01,0.04793202296857991
2016-06-01,0.055183129825605845
2016-07-01,0.05656835989775609
2016-08-01,0.05141296767615694
2016-09-01,0.05390907238960217
2016-10-01,0.054719484032773595
2016-11-01,0.06557460395039753
2016-12-01,0.0679737913166962
2017-01-01,0.058674606885427846
2017-02-01,0.06282323311651587
2017-03-01,0.06233290022312153
2017-04-01,0.06240124143316596
2017-05-01,0.0667387053249772
2017-06-01,0.05932305726624165
2017-07-01,0.05434473934099984
2017-08-01,0.05493547046045624
2017-09-01,0.05103864398089455
2017-10-01,0.07071413664384654
2017-11-01,0.06529549012822444
2017-12-01,0.06878103262514883
2018-01-01,0.07601721972532607
2018-02-01,0.07377231611774074
2018-03-01,0.07232254048257132
2018-04-01,0.07331972404200046
2018-05-01,0.0726131825579659
2018-06-01,0.07138709470465293
2018-07-01,0.07314267571900243
2018-08-01,0.07219802057947329
2018-09-01,0.06928006717362069
2018-10-01,0.04599338541027853
2018-11-01,0.04489641309718293
2018-12-01,0.04553605106337115
2019-01-01,0.03971601064152252
2019-02-01,0.047671173833424285
2019-03-01,0.047473943932425114
2019-04-01,0.05037471282143464
2019-05-01,0.04731093271709463
2019-06-01,0.04860254273684048
2019-07-01,0.04697859629350623
2019-08-01,0.04695148203355778
2019-09-01,0.05687819714180986
2019-10-01,0.053947198169924715
2019-11-01,0.0489555125585606
2019-12-01,0.0534340346325286
2020-01-01,0.05724975731372122
2020-02-01,0.062093140538094505
2020-03-01,0.07608051810029186
2020-04-01,0.10163633959482508
2020-05-01,0.11485241051466448
2020-06-01,0.12018449376422029
2020-07-01,0.1243898968362936
2020-08-01,0.1263805711464054
2020-09-01,0.12400020272932086
2020-10-01,0.12405935726838216
2020-11-01,0.12424234444269544
2020-12-01,0.1231064005224819
2021-01-01,0.12283839240971635
2021-02-01,0.12033726969148328
2021-03-01,0.10910636538573042
2021-04-01,0.0697908263004136
2021-05-01,0.0601797606390491
2021-06-01,0.055578668823484195
2021-07-01,0.04809670807773117
2021-08-01,0.05113324543581159
2021-09-01,0.04964891729838572
2021-10-01,0.05848281982067297
2021-11-01,0.061764666635803406
2021-12-01,0.06452679862844134
2022-01-01,0.06847476077818322
2022-02-01,0.06573872275176845
2022-03-01,0.06705098801727535
2022-04-01,0.07256777063041736
2022-05-01,0.06888813052095952
2022-06-01,0.06895788497255101
2022-07-01,0.07395168458382347
2022-08-01,0.07113609079110708
2022-09-01,0.07177194566817183
2022-10-01,0.05991754145464209
2022-11-01,0.048800823482184015
2022-12-01,0.05333972980110509
2023-01-01,0.052120686112959294
2023-02-01,0.05076190675950726
2023-03-01,0.059517728494013336
2023-04-01,0.057165876585230986
2023-05-01,0.05685439688238818
2023-06-01,0.059498490494643674
2023-07-01,0.061312341117031564
2023-08-01,0.061563536138338794
2023-09-01,0.06062781445112504
2023-10-01,0.061050430826893695
2023-11-01,0.05896036333480056
2023-12-01,0.044070686099563064
2024-01-01,0.045527596810454284
2024-02-01,0.040776897981183634
2024-03-01,0.03374204939145335
2024-04-01,0.038623728406564826
2024-05-01,0.040016779640875154
2024-06-01,0.04199314725923191
2024-07-01,0.037609064156769616
2024-08-01,0.03785404183032787
2024-09-01,0.035567402996988615
2024-10-01,0.03936929544966834
2024-11-01,0.039451403578554985
2024-12-01,0.0439963550831516
2025-01-01,0.06632004130350261
2025-02-01,0.06745767394711848
2025-03-01,0.06759554985700654
2025-04-01,0.06676546240990246
2025-05-01,0.07249723657868999
2025-06-01,0.07614537994222728
2025-07-01,0.07460751982341844
2025-08-01,0.07790117477178278
2025-09-01,0.0790880466513268
2025-10-01,0.07781539568872158
2025-11-01,0.08475443612813066
2025-12-01,0.08552630303994149
2026-01-01,0.06568988786380814
2026-02-01,0.06472618586839732
2026-03-01,0.06320461022755171
2026-04-01,0.053973986468268634
2026-05-01,0.05513611516346737
2026-06-01,0.05788628038558523
