Asset,Term,Beta,T_Stat,R2,N_Obs
US_LC_Blend,Alpha,-0.023510567642174247,-1.523792807848687,0.996629089320063,246
US_LC_Blend,Mkt-RF,0.9934851733002972,187.21411134558755,0.996629089320063,246
US_LC_Blend,SMB,-0.12364284265028797,-16.390025041057797,0.996629089320063,246
US_LC_Blend,HML,0.02601308583940312,2.904699232409936,0.996629089320063,246
US_LC_Blend,RMW,0.04791615821891043,3.3339819368508903,0.996629089320063,246
US_LC_Blend,CMA,0.022504059325334405,1.9056129629453877,0.996629089320063,246
US_LC_Value,Alpha,-0.06616443300284622,-1.1967509662155928,0.9536017529670642,246
US_LC_Value,Mkt-RF,0.9073679979543268,43.977990852846226,0.9536017529670642,246
US_LC_Value,SMB,-0.07162497212081163,-2.2626680676086366,0.9536017529670642,246
US_LC_Value,HML,0.30355489403097746,9.49399714072517,0.9536017529670642,246
US_LC_Value,RMW,0.0678672983269327,1.9109739963361057,0.9536017529670642,246
US_LC_Value,CMA,0.20137990257874366,3.738305590281953,0.9536017529670642,246
US_LC_Growth,Alpha,0.05632186330782858,1.1336926758139296,0.972303119582951,246
US_LC_Growth,Mkt-RF,1.079281766437351,73.64870084142535,0.972303119582951,246
US_LC_Growth,SMB,-0.11953585647207954,-3.985842072098602,0.972303119582951,246
US_LC_Growth,HML,-0.25495557883720626,-9.908520069321813,0.972303119582951,246
US_LC_Growth,RMW,0.0034049070584401472,0.10205118039910246,0.972303119582951,246
US_LC_Growth,CMA,-0.17033398361463317,-3.9122898018056236,0.972303119582951,246
US_MC_Blend,Alpha,-0.08015764337018713,-0.9770836786184072,0.952901993409662,246
US_MC_Blend,Mkt-RF,0.9950383373563007,38.86158750168156,0.952901993409662,246
US_MC_Blend,SMB,0.49509603255957696,16.60018840502634,0.952901993409662,246
US_MC_Blend,HML,0.09937235621928263,2.322788549783812,0.952901993409662,246
US_MC_Blend,RMW,0.15684073905466808,3.8369718622849565,0.952901993409662,246
US_MC_Blend,CMA,0.01387612086384768,0.22182466462240852,0.952901993409662,246
US_MC_Value,Alpha,-0.11858592736418384,-1.4301184643816185,0.9537260227381991,246
US_MC_Value,Mkt-RF,0.9952344776409487,37.510458546603225,0.9537260227381991,246
US_MC_Value,SMB,0.5635803524770984,15.081827042687658,0.9537260227381991,246
US_MC_Value,HML,0.2763346542293119,4.719694516157718,0.9537260227381991,246
US_MC_Value,RMW,0.20831542863670222,4.7466496139275876,0.9537260227381991,246
US_MC_Value,CMA,0.038381988995328624,0.5132936499011774,0.9537260227381991,246
US_MC_Growth,Alpha,-0.061240239464164674,-0.5925897534760652,0.9178149241866556,246
US_MC_Growth,Mkt-RF,0.9954578559444162,32.103358548952436,0.9178149241866556,246
US_MC_Growth,SMB,0.44289901501502604,12.062439875128934,0.9178149241866556,246
US_MC_Growth,HML,-0.0728823984287204,-1.8057264158004611,0.9178149241866556,246
US_MC_Growth,RMW,0.11599638534385419,2.1074473254607207,0.9178149241866556,246
US_MC_Growth,CMA,-0.015856505925762356,-0.21626832694158948,0.9178149241866556,246
US_SC_Blend,Alpha,-0.013361741382041221,-0.24447736673091744,0.9806224041307647,246
US_SC_Blend,Mkt-RF,0.9540618286677892,71.8428325754882,0.9806224041307647,246
US_SC_Blend,SMB,0.8861861655469415,32.417513760079736,0.9806224041307647,246
US_SC_Blend,HML,0.16557216947911146,8.703320941056806,0.9806224041307647,246
US_SC_Blend,RMW,0.12808405844300036,3.2203155793783287,0.9806224041307647,246
US_SC_Blend,CMA,0.029331002524158132,0.9232506841649052,0.9806224041307647,246
US_SC_Value,Alpha,-0.0616663331089088,-1.0630579132815714,0.9802989535203648,246
US_SC_Value,Mkt-RF,0.970533006386526,73.03782437498592,0.9802989535203648,246
US_SC_Value,SMB,0.9131764151395092,31.717888477113483,0.9802989535203648,246
US_SC_Value,HML,0.32932216081177923,13.091171920079193,0.9802989535203648,246
US_SC_Value,RMW,0.14712326150803,4.299108603176662,0.9802989535203648,246
US_SC_Value,CMA,0.05710025755349521,1.5282971743406664,0.9802989535203648,246
US_SC_Growth,Alpha,0.013771387854015098,0.16491291703404098,0.953978345707384,246
US_SC_Growth,Mkt-RF,0.9455125749999127,46.53865849829166,0.953978345707384,246
US_SC_Growth,SMB,0.8670780851177258,24.029652011981483,0.953978345707384,246
US_SC_Growth,HML,0.011182449999346977,0.3300993480018475,0.953978345707384,246
US_SC_Growth,RMW,0.12112925619544392,2.0090937208537536,0.953978345707384,246
US_SC_Growth,CMA,-0.00906444361696896,-0.1662976451562283,0.953978345707384,246
Intl_LC_Blend,Alpha,-0.3599864064725817,-2.187103895828582,0.7520188898534272,246
Intl_LC_Blend,Mkt-RF,0.9528083583511687,20.01187143392759,0.7520188898534272,246
Intl_LC_Blend,SMB,-0.13067213405040523,-1.7600276792523515,0.7520188898534272,246
Intl_LC_Blend,HML,0.16671075413861566,2.3780327276119806,0.7520188898534272,246
Intl_LC_Blend,RMW,0.01092896012369458,0.12659068951739752,0.7520188898534272,246
Intl_LC_Blend,CMA,0.05597213165637357,0.5401015434908181,0.7520188898534272,246
Intl_LC_Value,Alpha,-0.34540555995713684,-1.847827750487462,0.7192374709274298,246
Intl_LC_Value,Mkt-RF,0.9379872669423949,17.61159808914316,0.7192374709274298,246
Intl_LC_Value,SMB,-0.13794790697822082,-1.5888162465504547,0.7192374709274298,246
Intl_LC_Value,HML,0.40149543015253,5.009650337222095,0.7192374709274298,246
Intl_LC_Value,RMW,0.004950587197996509,0.051927033311442786,0.7192374709274298,246
Intl_LC_Value,CMA,0.06660781127429259,0.5803980645150377,0.7192374709274298,246
Intl_LC_Growth,Alpha,-0.3913527909723096,-2.4842957370899224,0.7562814498233912,246
Intl_LC_Growth,Mkt-RF,0.9750109639933806,21.75177308390267,0.7562814498233912,246
Intl_LC_Growth,SMB,-0.11585916709929459,-1.6421721066200643,0.7562814498233912,246
Intl_LC_Growth,HML,-0.059628810135510746,-0.8019718774360499,0.7562814498233912,246
Intl_LC_Growth,RMW,0.006974336024866329,0.07380955903876607,0.7562814498233912,246
Intl_LC_Growth,CMA,0.030540094550552722,0.2702334672813516,0.7562814498233912,246
Intl_MidSmall_Blend,Alpha,-0.40755486101932503,-1.838923669816735,0.74235802141542,222
Intl_MidSmall_Blend,Mkt-RF,0.9901242603226851,18.743485656145165,0.74235802141542,222
Intl_MidSmall_Blend,SMB,0.047303531170146414,0.596308828363471,0.74235802141542,222
Intl_MidSmall_Blend,HML,0.110856447066282,1.372172666426786,0.74235802141542,222
Intl_MidSmall_Blend,RMW,0.02980610797165733,0.32615120730378067,0.74235802141542,222
Intl_MidSmall_Blend,CMA,-0.021701435550329246,-0.17670030414931737,0.74235802141542,222
Intl_Small_Value,Alpha,-0.29470476317979816,-1.3492889778321688,0.7030722507643408,240
Intl_Small_Value,Mkt-RF,0.9203065884956079,16.35637940490535,0.7030722507643408,240
Intl_Small_Value,SMB,0.01455602321100534,0.18255078568840843,0.7030722507643408,240
Intl_Small_Value,HML,0.23030753902701398,2.8191686900175754,0.7030722507643408,240
Intl_Small_Value,RMW,0.04601752406081397,0.45843033432856645,0.7030722507643408,240
Intl_Small_Value,CMA,-0.04282789761357583,-0.36312831360436254,0.7030722507643408,240
EM_Broad,Alpha,-0.35719001842056397,-1.3694409744844003,0.48227913513583975,164
EM_Broad,Mkt-RF,0.7892446577031345,12.38320278482826,0.48227913513583975,164
EM_Broad,SMB,-0.07078044782677143,-0.6824133127570309,0.48227913513583975,164
EM_Broad,HML,0.11528900386455466,0.9849912243772319,0.48227913513583975,164
EM_Broad,RMW,-0.09111235259530497,-0.7281663142037197,0.48227913513583975,164
EM_Broad,CMA,0.12403185384522156,0.8278929986838538,0.48227913513583975,164
EM_Value,Alpha,-0.3106481845736125,-1.246749476381709,0.5702005319112772,227
EM_Value,Mkt-RF,0.8760608882339329,14.057990962567846,0.5702005319112772,227
EM_Value,SMB,-0.05034386502771378,-0.5095574846368003,0.5702005319112772,227
EM_Value,HML,0.25580843644862455,2.6512396409632575,0.5702005319112772,227
EM_Value,RMW,0.08555305473979653,0.799372721368397,0.5702005319112772,227
EM_Value,CMA,0.0820895154187101,0.6152143462974182,0.5702005319112772,227
EM_Small,Alpha,-0.534061933291771,-2.0062136338087235,0.5676482409023469,178
EM_Small,Mkt-RF,0.871436207709671,14.671236825506673,0.5676482409023469,178
EM_Small,SMB,0.00184437725667338,0.019535227387627165,0.5676482409023469,178
EM_Small,HML,0.1402255097556632,1.1858703350066746,0.5676482409023469,178
EM_Small,RMW,-0.016159519496979136,-0.1582770273021394,0.5676482409023469,178
EM_Small,CMA,0.056051794503698786,0.37977192531042203,0.5676482409023469,178
US_IG_Short,Alpha,0.028158746829020535,0.5413520901407407,0.26110050996384515,199
US_IG_Short,Mkt-RF,0.0810617656905208,4.912090294145456,0.26110050996384515,199
US_IG_Short,SMB,0.013167547958961164,0.7007075650128279,0.26110050996384515,199
US_IG_Short,HML,-0.003273231394515652,-0.11865789646693899,0.26110050996384515,199
US_IG_Short,RMW,0.05705188138941015,2.038208626963983,0.26110050996384515,199
US_IG_Short,CMA,-0.030904596671569615,-0.7149832068305126,0.26110050996384515,199
US_IG_Intermediate,Alpha,0.02816163703392358,0.22522207952049533,0.23786229954339222,199
US_IG_Intermediate,Mkt-RF,0.18262571259042512,4.6592421451973856,0.23786229954339222,199
US_IG_Intermediate,SMB,0.015155301663153693,0.3613853298981943,0.23786229954339222,199
US_IG_Intermediate,HML,-0.05028428287700418,-0.7738882179691897,0.23786229954339222,199
US_IG_Intermediate,RMW,0.12149910051966374,1.8139490586399125,0.23786229954339222,199
US_IG_Intermediate,CMA,-0.0500163664719232,-0.506730882369746,0.23786229954339222,199
US_IG_Long,Alpha,-0.05847823820197508,-0.2615371799580798,0.18983952027091566,199
US_IG_Long,Mkt-RF,0.3071418815929783,4.317496889990988,0.18983952027091566,199
US_IG_Long,SMB,-0.051606464362554914,-0.6682302444661452,0.18983952027091566,199
US_IG_Long,HML,-0.13465203385508967,-1.3569117474132186,0.18983952027091566,199
US_IG_Long,RMW,0.12255615868567601,1.0365551976937577,0.18983952027091566,199
US_IG_Long,CMA,-0.004160084896631208,-0.027259232408883234,0.18983952027091566,199
US_HY_Short,Alpha,-0.07529282716455599,-1.0114431783481093,0.6808988742899615,152
US_HY_Short,Mkt-RF,0.28055351607474494,10.4637993169294,0.6808988742899615,152
US_HY_Short,SMB,0.02714867693061069,0.941003671449051,0.6808988742899615,152
US_HY_Short,HML,0.09977113831505541,1.7553456695044507,0.6808988742899615,152
US_HY_Short,RMW,0.04362043041142394,1.1918119618290122,0.6808988742899615,152
US_HY_Short,CMA,-0.0437562312081019,-0.6276186430697583,0.6808988742899615,152
US_HY_Broad,Alpha,-0.07312991331598051,-0.6413362428850459,0.5557667017566033,230
US_HY_Broad,Mkt-RF,0.4518052954203732,11.49128560772676,0.5557667017566033,230
US_HY_Broad,SMB,0.08837950201286834,1.2275577551431223,0.5557667017566033,230
US_HY_Broad,HML,0.05955332410816381,1.2988989209151016,0.5557667017566033,230
US_HY_Broad,RMW,0.06514477828947438,0.9995684090661787,0.5557667017566033,230
US_HY_Broad,CMA,-0.03516304458343389,-0.48635613506237824,0.5557667017566033,230
EM_Debt_USD_Broad,Alpha,-0.10771019957229076,-0.6321172135984382,0.3744590133028245,222
EM_Debt_USD_Broad,Mkt-RF,0.435582409850907,7.815824253648044,0.3744590133028245,222
EM_Debt_USD_Broad,SMB,-2.6514261766480505e-05,-0.0003943180390107982,0.3744590133028245,222
EM_Debt_USD_Broad,HML,0.017700652379731244,0.18097516287812548,0.3744590133028245,222
EM_Debt_USD_Broad,RMW,0.20375224263261352,2.2924654642315034,0.3744590133028245,222
EM_Debt_USD_Broad,CMA,-0.062307936780685434,-0.4552138420602445,0.3744590133028245,222
EM_Debt_Local_Broad,Alpha,-0.48914617764754875,-2.500273825931682,0.3115011437111619,191
EM_Debt_Local_Broad,Mkt-RF,0.4400829086202833,10.438528871724847,0.3115011437111619,191
EM_Debt_Local_Broad,SMB,-0.09003339843975214,-1.1116515024839033,0.3115011437111619,191
EM_Debt_Local_Broad,HML,0.058198578457941616,0.5995083452254661,0.3115011437111619,191
EM_Debt_Local_Broad,RMW,0.06118342009713138,0.7138550835028403,0.3115011437111619,191
EM_Debt_Local_Broad,CMA,0.08908033767468362,0.7071840554633522,0.3115011437111619,191
EM_Debt_Local_Alt,Alpha,-0.458091044620469,-2.3005476785669714,0.2602816699878556,176
EM_Debt_Local_Alt,Mkt-RF,0.37192500855420074,8.214473369727248,0.2602816699878556,176
EM_Debt_Local_Alt,SMB,-0.0983871038625847,-1.183792571264471,0.2602816699878556,176
EM_Debt_Local_Alt,HML,0.07893015247516191,0.7492709584294013,0.2602816699878556,176
EM_Debt_Local_Alt,RMW,0.0028310904650734325,0.034341187000523736,0.2602816699878556,176
EM_Debt_Local_Alt,CMA,0.09885311162780172,0.7367923101165561,0.2602816699878556,176
UST_Short_1_3Y,Alpha,0.027204916034173382,0.7659278085770689,0.041774348873247824,246
UST_Short_1_3Y,Mkt-RF,-0.006602534905709808,-0.6306508732630052,0.041774348873247824,246
UST_Short_1_3Y,SMB,-0.004089207356876792,-0.33884169238621814,0.041774348873247824,246
UST_Short_1_3Y,HML,-0.017251167833315866,-1.2818970998626347,0.041774348873247824,246
UST_Short_1_3Y,RMW,0.019116505733202005,1.2309687759588919,0.041774348873247824,246
UST_Short_1_3Y,CMA,0.00640175619232466,0.30402920709197884,0.041774348873247824,246
UST_Intermediate_7_10Y,Alpha,0.11316426012589634,0.8928692144545106,0.08992906779850418,246
UST_Intermediate_7_10Y,Mkt-RF,-0.0012968363215029434,-0.03234936734393467,0.08992906779850418,246
UST_Intermediate_7_10Y,SMB,-0.03232910257606882,-0.6307645209594048,0.08992906779850418,246
UST_Intermediate_7_10Y,HML,-0.16205356816762917,-2.8475634482952605,0.08992906779850418,246
UST_Intermediate_7_10Y,RMW,0.10439630856975315,1.3802719646843373,0.08992906779850418,246
UST_Intermediate_7_10Y,CMA,0.05061385199383744,0.5766644688697603,0.08992906779850418,246
UST_Long_20Y_Plus,Alpha,0.14916348118620995,0.5670204027345578,0.08293407545927278,246
UST_Long_20Y_Plus,Mkt-RF,-0.020361621969032285,-0.2530084815242229,0.08293407545927278,246
UST_Long_20Y_Plus,SMB,-0.08132834163594727,-0.78060517087813,0.08293407545927278,246
UST_Long_20Y_Plus,HML,-0.34315018702686073,-2.60669706788489,0.08293407545927278,246
UST_Long_20Y_Plus,RMW,0.10290133156201846,0.6933692482159178,0.08293407545927278,246
UST_Long_20Y_Plus,CMA,0.12734440699363772,0.7152008142723468,0.08293407545927278,246
UST_TIPS,Alpha,-0.057678387148383435,-0.4592815912522224,0.20616521997463333,190
UST_TIPS,Mkt-RF,0.13024804244046098,3.216126104829553,0.20616521997463333,190
UST_TIPS,SMB,0.020143317105468656,0.5349909945206546,0.20616521997463333,190
UST_TIPS,HML,-0.11150369649727986,-2.7916808315310213,0.20616521997463333,190
UST_TIPS,RMW,0.15105356249337343,3.0589070861653695,0.20616521997463333,190
UST_TIPS,CMA,0.04783643823627605,0.7552359659299207,0.20616521997463333,190
US_REIT,Alpha,-0.25521344403613194,-1.0321708023954506,0.5789769765607975,246
US_REIT,Mkt-RF,0.9752734677941661,11.521778117901373,0.5789769765607975,246
US_REIT,SMB,0.26882514839209876,2.184394643811902,0.5789769765607975,246
US_REIT,HML,0.24707956482387242,1.467539482044911,0.5789769765607975,246
US_REIT,RMW,0.21629673986368908,1.5553552936739496,0.5789769765607975,246
US_REIT,CMA,0.0222591391458124,0.1137436585077533,0.5789769765607975,246
Intl_REIT,Alpha,-0.5771914766874104,-2.3919259898530285,0.505627304535954,187
Intl_REIT,Mkt-RF,0.78360925077245,13.720720545348067,0.505627304535954,187
Intl_REIT,SMB,0.06985578828863626,0.7748802356324817,0.505627304535954,187
Intl_REIT,HML,0.10561946259558436,0.7535764193035545,0.505627304535954,187
Intl_REIT,RMW,0.17163264736805817,1.3364484337017635,0.505627304535954,187
Intl_REIT,CMA,0.16170719487956148,0.9401124730393816,0.505627304535954,187
Broad_Commodities,Alpha,-0.27865661962907057,-0.7001673911992508,0.2432827831701978,244
Broad_Commodities,Mkt-RF,0.5146354895716574,5.163562926845432,0.2432827831701978,244
Broad_Commodities,SMB,-0.08351205206193067,-0.6127004830164309,0.2432827831701978,244
Broad_Commodities,HML,0.4031598949718077,3.1563739298084434,0.2432827831701978,244
Broad_Commodities,RMW,0.10835894902091313,0.5387811865140586,0.2432827831701978,244
Broad_Commodities,CMA,-0.12138932048258246,-0.5304827458965298,0.2432827831701978,244
Gold,Alpha,0.5612440148266248,1.8278600784978591,0.04426185154864959,246
Gold,Mkt-RF,0.15597740299701873,2.003640235358603,0.04426185154864959,246
Gold,SMB,-0.0993401674756689,-0.7551477347677545,0.04426185154864959,246
Gold,HML,-0.18755082642948268,-1.3643465467504907,0.04426185154864959,246
Gold,RMW,0.3512666102648027,2.267606254809754,0.04426185154864959,246
Gold,CMA,0.0920276882969972,0.4598039496905533,0.04426185154864959,246
