Asset,Term,Beta,T_Stat_OLS,T_Stat_HAC,R2,N_Obs
US_LC_Blend,Alpha,-0.022330536791758504,-1.3049252823988955,-1.597596033314954,0.9968958155310456,244
US_LC_Blend,Mkt-RF,0.9913287464862183,188.39063610755048,185.17515066067827,0.9968958155310456,244
US_LC_Blend,SMB,-0.11702675663662426,-15.872193849556997,-15.37073067346514,0.9968958155310456,244
US_LC_Blend,HML,0.02624969361853508,3.7073543278400733,2.8901848040775144,0.9968958155310456,244
US_LC_Blend,RMW,0.052700908440627574,6.0136558938242946,4.17143767646235,0.9968958155310456,244
US_LC_Blend,CMA,0.019384275184076774,1.8053050433124742,1.6552859629802315,0.9968958155310456,244
US_LC_Blend,US_Growth_Factor,0.012034651921951633,0.8661973355269834,0.8202459541587594,0.9968958155310456,244
US_LC_Blend,Global_Growth_Factor,0.02818885762731966,1.7075215783617839,1.9122326860643994,0.9968958155310456,244
US_LC_Blend,Inflation_Factor,0.027388080390712027,1.9397294688495612,1.917089181697559,0.9968958155310456,244
US_LC_Blend,Rates_Yields_Factor,0.010910460301337896,0.9473270532640067,0.9740898169123409,0.9968958155310456,244
US_LC_Blend,US_Monetary_Policy_Factor,0.015815826126403643,0.8576082415670506,1.0134611357484609,0.9968958155310456,244
US_LC_Blend,Global_Monetary_Policy_Factor,-0.01895615470646214,-1.167537125891131,-1.4876737866611631,0.9968958155310456,244
US_LC_Blend,Currency_Factor,-0.00842413323642402,-0.6917843896319527,-0.7025856976373768,0.9968958155310456,244
US_LC_Blend,Credit_Risk_Factor,-0.02920020828754695,-1.7306879254334908,-1.5128176392212762,0.9968958155310456,244
US_LC_Blend,Commodities_Factor,-0.049271303205061165,-2.8538462221662773,-2.643800544321218,0.9968958155310456,244
US_LC_Value,Alpha,-0.035887118018417485,-0.5598727501892082,-0.639626622505843,0.955863917762456,244
US_LC_Value,Mkt-RF,0.8784231244467644,44.56661380458223,36.29890268434629,0.955863917762456,244
US_LC_Value,SMB,-0.0609337971181265,-2.2063494419326264,-1.8227973380566476,0.955863917762456,244
US_LC_Value,HML,0.30432653895436046,11.474768918314727,9.14831748000284,0.955863917762456,244
US_LC_Value,RMW,0.0771577874884532,2.3505229874939895,2.190325503833085,0.955863917762456,244
US_LC_Value,CMA,0.1988650423999704,4.944515479592003,3.781541660568742,0.955863917762456,244
US_LC_Value,US_Growth_Factor,-0.047769894663427626,-0.9179137136029473,-0.8340940350224159,0.955863917762456,244
US_LC_Value,Global_Growth_Factor,0.006095840971517219,0.09857950156541924,0.12324403227312875,0.955863917762456,244
US_LC_Value,Inflation_Factor,-0.09668084288605151,-1.8280339733245192,-1.3502643567574428,0.955863917762456,244
US_LC_Value,Rates_Yields_Factor,-0.004623317262859222,-0.10717039416503664,-0.12000283044596353,0.955863917762456,244
US_LC_Value,US_Monetary_Policy_Factor,-0.030254289111049493,-0.43797395151060897,-0.6484650102572238,0.955863917762456,244
US_LC_Value,Global_Monetary_Policy_Factor,-0.038833464194637055,-0.638544037397005,-0.6221759201710388,0.955863917762456,244
US_LC_Value,Currency_Factor,-0.09817947221270547,-2.1524371972604355,-2.2681524314821946,0.955863917762456,244
US_LC_Value,Credit_Risk_Factor,-0.08735301469119917,-1.3822130118975169,-1.5894955564222983,0.955863917762456,244
US_LC_Value,Commodities_Factor,-0.04642137743311442,-0.7178253743047804,-0.8635334175802263,0.955863917762456,244
US_LC_Growth,Alpha,0.05055796702353729,0.8909892486876536,1.0103657243680466,0.9731351503495419,244
US_LC_Growth,Mkt-RF,1.086308936233761,62.25745214617888,55.895274999330084,0.9731351503495419,244
US_LC_Growth,SMB,-0.11568086718649008,-4.731618317826765,-3.6866589377467007,0.9731351503495419,244
US_LC_Growth,HML,-0.2610317079597883,-11.118072466693919,-9.859444410413666,0.9731351503495419,244
US_LC_Growth,RMW,0.00311028622342591,0.10703287910101762,0.0995216440020166,0.9731351503495419,244
US_LC_Growth,CMA,-0.16965534463426218,-4.765022474436805,-4.057412511842489,0.9731351503495419,244
US_LC_Growth,US_Growth_Factor,0.047681292321263335,1.0349698686285633,1.144477642090326,0.9731351503495419,244
US_LC_Growth,Global_Growth_Factor,0.022197100850818066,0.4054911299174936,0.4507770950733098,0.9731351503495419,244
US_LC_Growth,Inflation_Factor,0.090623353294501,1.9356020646364511,1.3711752193097089,0.9731351503495419,244
US_LC_Growth,Rates_Yields_Factor,0.015888864611425565,0.4160505587524977,0.4980701535063716,0.9731351503495419,244
US_LC_Growth,US_Monetary_Policy_Factor,0.022102389712886833,0.361437055044026,0.4458033232595857,0.9731351503495419,244
US_LC_Growth,Global_Monetary_Policy_Factor,0.0014295263619221732,0.02655271917033058,0.026306307123604995,0.9731351503495419,244
US_LC_Growth,Currency_Factor,0.02725130847357267,0.6748842131391789,0.6985112283522068,0.9731351503495419,244
US_LC_Growth,Credit_Risk_Factor,0.02920044888593097,0.5219377642120075,0.5772963885052931,0.9731351503495419,244
US_LC_Growth,Commodities_Factor,0.012588191299658463,0.21988531764449878,0.26098822973340446,0.9731351503495419,244
US_MC_Blend,Alpha,-0.05710917738242495,-0.7393894903300006,-0.8189110243956618,0.9555012993225978,244
US_MC_Blend,Mkt-RF,0.9762840597034033,41.105382814891705,40.7192008414522,0.9555012993225978,244
US_MC_Blend,SMB,0.49565061967482904,14.893896439736555,16.946666078731344,0.9555012993225978,244
US_MC_Blend,HML,0.09311900588218186,2.9137955368402646,2.2943120384732896,0.9555012993225978,244
US_MC_Blend,RMW,0.16103422557699687,4.071172905678606,3.9155805688414325,0.9555012993225978,244
US_MC_Blend,CMA,0.017140757813295965,0.35368116608237654,0.27428005921952536,0.9555012993225978,244
US_MC_Blend,US_Growth_Factor,-0.03826159774318416,-0.6101369089180781,-0.7778775814644885,0.9555012993225978,244
US_MC_Blend,Global_Growth_Factor,-0.052077530324907764,-0.6989079671460141,-0.7675347331960906,0.9555012993225978,244
US_MC_Blend,Inflation_Factor,-0.12440979723651478,-1.9521583300560534,-1.916390422553691,0.9555012993225978,244
US_MC_Blend,Rates_Yields_Factor,-0.021293867042216752,-0.40963050476845364,-0.38482571127510345,0.9555012993225978,244
US_MC_Blend,US_Monetary_Policy_Factor,-0.20630236946641284,-2.4784614388085404,-2.0024552353104625,0.9555012993225978,244
US_MC_Blend,Global_Monetary_Policy_Factor,-0.02450877188394837,-0.33444360088679037,-0.32163172380732824,0.9555012993225978,244
US_MC_Blend,Currency_Factor,-0.06258084783894828,-1.1385912961169535,-1.2248916024960728,0.9555012993225978,244
US_MC_Blend,Credit_Risk_Factor,0.09924059529941351,1.303175964544902,1.280408841878052,0.9555012993225978,244
US_MC_Blend,Commodities_Factor,0.13589456176327117,1.7438915850116317,1.5963696174220587,0.9555012993225978,244
US_MC_Value,Alpha,-0.08836150144538797,-1.12249289381492,-1.1608291655713205,0.958273119459788,244
US_MC_Value,Mkt-RF,0.9682030428628122,39.9983509545162,37.732195392172684,0.958273119459788,244
US_MC_Value,SMB,0.5620819299393015,16.572401433046483,15.487901545820662,0.958273119459788,244
US_MC_Value,HML,0.27006632048841756,8.29171402175503,5.1551185786533065,0.958273119459788,244
US_MC_Value,RMW,0.20696871949391432,5.134039621214925,4.717317106231663,0.958273119459788,244
US_MC_Value,CMA,0.0447897732923529,0.9068050374588281,0.5969707495272101,0.958273119459788,244
US_MC_Value,US_Growth_Factor,-0.13405072437828808,-2.097425317062477,-2.3611279416156643,0.958273119459788,244
US_MC_Value,Global_Growth_Factor,-0.10648728818663465,-1.402234095611361,-1.6727456462925465,0.958273119459788,244
US_MC_Value,Inflation_Factor,-0.15905636533116135,-2.448863931619323,-2.1633246864617486,0.958273119459788,244
US_MC_Value,Rates_Yields_Factor,-0.07409651140892598,-1.3985843315045767,-1.5590892609268971,0.958273119459788,244
US_MC_Value,US_Monetary_Policy_Factor,-0.2965423873445258,-3.495568962679814,-2.9159598315220467,0.958273119459788,244
US_MC_Value,Global_Monetary_Policy_Factor,-0.01195232922904016,-0.16003207382417986,-0.20717420613918164,0.958273119459788,244
US_MC_Value,Currency_Factor,-0.09727237658377993,-1.73647721231571,-1.8522369995415275,0.958273119459788,244
US_MC_Value,Credit_Risk_Factor,0.1104645752665428,1.4232784456871526,1.1609720175873104,0.958273119459788,244
US_MC_Value,Commodities_Factor,0.16434124757767524,2.069269844703744,2.1499393592508556,0.958273119459788,244
US_MC_Growth,Alpha,-0.046100287081560554,-0.452748284217984,-0.5220120169165781,0.9204649604296157,244
US_MC_Growth,Mkt-RF,0.98513632078964,31.463327042609055,32.109242335005824,0.9204649604296157,244
US_MC_Growth,SMB,0.44282074362731627,10.093608312954965,11.74640625573596,0.9204649604296157,244
US_MC_Growth,HML,-0.0820964231806797,-1.9486363216692228,-1.8817951645991335,0.9204649604296157,244
US_MC_Growth,RMW,0.12412025713782623,2.380289822386048,2.281255863532637,0.9204649604296157,244
US_MC_Growth,CMA,-0.008955815585176205,-0.14017574462077276,-0.12227355043330149,0.9204649604296157,244
US_MC_Growth,US_Growth_Factor,0.016258720590672127,0.19666921223025424,0.31328134642599914,0.9204649604296157,244
US_MC_Growth,Global_Growth_Factor,-0.023838625531611778,-0.24268148111842414,-0.28527201723307366,0.9204649604296157,244
US_MC_Growth,Inflation_Factor,-0.1092520569626837,-1.3003968026471495,-1.311962418814181,0.9204649604296157,244
US_MC_Growth,Rates_Yields_Factor,0.021659997795738392,0.3160690530128698,0.2908404957081897,0.9204649604296157,244
US_MC_Growth,US_Monetary_Policy_Factor,-0.19012110390804987,-1.7325831726231056,-1.4162229905069335,0.9204649604296157,244
US_MC_Growth,Global_Monetary_Policy_Factor,-0.03246219203824127,-0.3360199000065977,-0.3225631037594494,0.9204649604296157,244
US_MC_Growth,Currency_Factor,-0.030091161815865776,-0.4152897264714859,-0.41936817865572346,0.9204649604296157,244
US_MC_Growth,Credit_Risk_Factor,0.10843968324435654,1.0801591663409693,1.1276749812774616,0.9204649604296157,244
US_MC_Growth,Commodities_Factor,0.1334974026570412,1.2994992560091954,1.2427314598798382,0.9204649604296157,244
US_SC_Blend,Alpha,-0.02220985520888437,-0.41140627113106454,-0.42260432041460877,0.9818484790727899,244
US_SC_Blend,Mkt-RF,0.9624286353290137,57.976079830897106,57.08788362268319,0.9818484790727899,244
US_SC_Blend,SMB,0.8901143562340859,38.26804652896163,30.60804257943436,0.9818484790727899,244
US_SC_Blend,HML,0.16630386574716594,7.445277661361226,8.592660989419283,0.9818484790727899,244
US_SC_Blend,RMW,0.13682322048129703,4.949017372839046,4.02272502632083,0.9818484790727899,244
US_SC_Blend,CMA,0.035695752017012056,1.053795312330648,1.0888602698749397,0.9818484790727899,244
US_SC_Blend,US_Growth_Factor,0.054018896553360396,1.2324454788720423,1.5062780217192615,0.9818484790727899,244
US_SC_Blend,Global_Growth_Factor,-0.06062611460835124,-1.1640916077701329,-1.0298562652386438,0.9818484790727899,244
US_SC_Blend,Inflation_Factor,-0.06409645289219393,-1.4389717359265748,-1.5998116613131728,0.9818484790727899,244
US_SC_Blend,Rates_Yields_Factor,-0.008509078950992649,-0.23419526882507338,-0.20237337302804112,0.9818484790727899,244
US_SC_Blend,US_Monetary_Policy_Factor,-0.08326674937363604,-1.431223216079907,-1.5898160524962157,0.9818484790727899,244
US_SC_Blend,Global_Monetary_Policy_Factor,0.012563620013532562,0.24528666883018502,0.2631076665629957,0.9818484790727899,244
US_SC_Blend,Currency_Factor,0.015730846048395905,0.40948340802268296,0.47263168668163286,0.9818484790727899,244
US_SC_Blend,Credit_Risk_Factor,-0.040037741609907,-0.7522134324899283,-0.7362502037711722,0.9818484790727899,244
US_SC_Blend,Commodities_Factor,-0.09758369842644819,-1.7916471780272596,-1.7285781542765002,0.9818484790727899,244
US_SC_Value,Alpha,-0.07341255968245108,-1.272492408639656,-1.226809588812649,0.9813692448911423,244
US_SC_Value,Mkt-RF,0.9819903471861826,55.35376708076333,53.80463186447379,0.9813692448911423,244
US_SC_Value,SMB,0.9075775826448153,36.5118552474175,30.20283351034575,0.9813692448911423,244
US_SC_Value,HML,0.33785565553290964,14.15368091531084,12.347431566970377,0.9813692448911423,244
US_SC_Value,RMW,0.14423012707298086,4.881741841518485,4.514544845995429,0.9813692448911423,244
US_SC_Value,CMA,0.056426993871870695,1.5587852712890324,1.3535041271574162,0.9813692448911423,244
US_SC_Value,US_Growth_Factor,-0.027833809441564217,-0.5942296394282927,-0.7884206321244029,0.9813692448911423,244
US_SC_Value,Global_Growth_Factor,-0.11539175385112974,-2.073298576454371,-2.101179245856257,0.9813692448911423,244
US_SC_Value,Inflation_Factor,-0.053437457641458505,-1.1225965631927088,-1.3433745515747761,0.9813692448911423,244
US_SC_Value,Rates_Yields_Factor,-0.03394711617603652,-0.8742952195186421,-0.8188840357509719,0.9813692448911423,244
US_SC_Value,US_Monetary_Policy_Factor,-0.1191928333694921,-1.9171034926021717,-1.9308345288844635,0.9813692448911423,244
US_SC_Value,Global_Monetary_Policy_Factor,0.0046738035399501165,0.08538650916697176,0.09155135654265745,0.9813692448911423,244
US_SC_Value,Currency_Factor,-0.012797830401896165,-0.31173117173312015,-0.30652544528076225,0.9813692448911423,244
US_SC_Value,Credit_Risk_Factor,0.05013613457059138,0.8814181972905032,0.7376308406635153,0.9813692448911423,244
US_SC_Value,Commodities_Factor,-0.09812558467267071,-1.6858429982132095,-1.5344392971416807,0.9813692448911423,244
US_SC_Growth,Alpha,0.008495008043180666,0.10468586036599918,0.11008785986194987,0.9570662669264689,244
US_SC_Growth,Mkt-RF,0.9526875599827476,38.179466596528584,45.85113118088742,0.9570662669264689,244
US_SC_Growth,SMB,0.8821053392385592,25.22957824671647,23.848505690267917,0.9570662669264689,244
US_SC_Growth,HML,0.008060556542447514,0.24007262168819116,0.2325314596532494,0.9570662669264689,244
US_SC_Growth,RMW,0.13962852461013012,3.3599465686333434,2.756483160978999,0.9570662669264689,244
US_SC_Growth,CMA,0.002447876673377647,0.048075998441846415,0.04615058922056188,0.9570662669264689,244
US_SC_Growth,US_Growth_Factor,0.10583981484362198,1.6064607939184161,2.1552825550055457,0.9570662669264689,244
US_SC_Growth,Global_Growth_Factor,-0.014839314820454669,-0.189557216537031,-0.20847675334352103,0.9570662669264689,244
US_SC_Growth,Inflation_Factor,-0.07120049622485987,-1.0634090205299125,-1.2163515406513181,0.9570662669264689,244
US_SC_Growth,Rates_Yields_Factor,0.00019899147825980235,0.0036435865853428357,0.002974761932568729,0.9570662669264689,244
US_SC_Growth,US_Monetary_Policy_Factor,-0.10060517687730486,-1.1504166079247649,-1.1221807042780154,0.9570662669264689,244
US_SC_Growth,Global_Monetary_Policy_Factor,0.043332523937668205,0.5628234581313841,0.6524819023804066,0.9570662669264689,244
US_SC_Growth,Currency_Factor,0.026112937188774,0.4522087948959574,0.4719531752248213,0.9570662669264689,244
US_SC_Growth,Credit_Risk_Factor,-0.10620466355205727,-1.327437711989692,-1.613706307808782,0.9570662669264689,244
US_SC_Growth,Commodities_Factor,-0.13725480836363696,-1.6764933530479982,-1.7092880523795224,0.9570662669264689,244
Intl_LC_Blend,Alpha,-0.01915299391460211,-0.15128516227316927,-0.15999572002081786,0.8650982638683505,244
Intl_LC_Blend,Mkt-RF,0.6667983515124095,17.128104826447732,16.634539455410074,0.8650982638683505,244
Intl_LC_Blend,SMB,-0.07130002032592142,-1.3071174905432499,-1.2743524443029852,0.8650982638683505,244
Intl_LC_Blend,HML,0.13326961109856245,2.5441585297318903,2.4674857934490038,0.8650982638683505,244
Intl_LC_Blend,RMW,0.02709839174619902,0.41796235868737897,0.4047621171914351,0.8650982638683505,244
Intl_LC_Blend,CMA,0.02072835170025844,0.260938991691031,0.2538460250963406,0.8650982638683505,244
Intl_LC_Blend,US_Growth_Factor,0.14978561404329277,1.4572249423190686,1.679172017103541,0.8650982638683505,244
Intl_LC_Blend,Global_Growth_Factor,0.06701995866725008,0.5487392968377329,0.6899185513670666,0.8650982638683505,244
Intl_LC_Blend,Inflation_Factor,-0.2653198365303465,-2.5399342422567512,-2.5925184031742625,0.8650982638683505,244
Intl_LC_Blend,Rates_Yields_Factor,-0.024449815257333807,-0.2869496045602397,-0.2849524151865416,0.8650982638683505,244
Intl_LC_Blend,US_Monetary_Policy_Factor,-0.1269763884508972,-0.9306646469011777,-1.1914569126658356,0.8650982638683505,244
Intl_LC_Blend,Global_Monetary_Policy_Factor,-0.060769853834810594,-0.5059199774818701,-0.48203190161403536,0.8650982638683505,244
Intl_LC_Blend,Currency_Factor,-1.1636646543225533,-12.916550790381534,-9.725965060021842,0.8650982638683505,244
Intl_LC_Blend,Credit_Risk_Factor,-0.048468380448667886,-0.3882974199096519,-0.3919002903937287,0.8650982638683505,244
Intl_LC_Blend,Commodities_Factor,-0.06091941217386703,-0.476941820053954,-0.4727111061328383,0.8650982638683505,244
Intl_LC_Value,Alpha,0.00108614279134929,0.0071584758659570145,0.0073877576036881255,0.828890371842125,244
Intl_LC_Value,Mkt-RF,0.6407878458942771,13.734189541284213,11.924161716690989,0.828890371842125,244
Intl_LC_Value,SMB,-0.07836640794609268,-1.1987507424216817,-1.1431875225516581,0.828890371842125,244
Intl_LC_Value,HML,0.36040325186657884,5.740843607904805,5.388587608875742,0.828890371842125,244
Intl_LC_Value,RMW,0.028331590325301553,0.3646184025372105,0.3878818334269925,0.828890371842125,244
Intl_LC_Value,CMA,0.030762909420175538,0.32312874513239076,0.31142025457989264,0.828890371842125,244
Intl_LC_Value,US_Growth_Factor,0.10564929491016278,0.8576242868220038,0.9081090462963547,0.828890371842125,244
Intl_LC_Value,Global_Growth_Factor,0.07236234836617902,0.4943659327872932,0.6229084450417243,0.828890371842125,244
Intl_LC_Value,Inflation_Factor,-0.3288894298582298,-2.6271002405609076,-2.7407755864032914,0.828890371842125,244
Intl_LC_Value,Rates_Yields_Factor,-0.0038781411086529632,-0.03797761014333252,-0.036820417530136866,0.828890371842125,244
Intl_LC_Value,US_Monetary_Policy_Factor,-0.26130660491063906,-1.598065625116009,-1.9011135730528015,0.828890371842125,244
Intl_LC_Value,Global_Monetary_Policy_Factor,-0.12317157851824401,-0.8556144697700625,-0.8193695550266334,0.828890371842125,244
Intl_LC_Value,Currency_Factor,-1.1751654761571726,-10.884079704836495,-8.633239778957996,0.828890371842125,244
Intl_LC_Value,Credit_Risk_Factor,0.04074383558787701,0.2723590956861227,0.2581599240209168,0.828890371842125,244
Intl_LC_Value,Commodities_Factor,0.10682107459702901,0.6978155120941054,0.6310483887107065,0.828890371842125,244
Intl_LC_Growth,Alpha,-0.04850007168746208,-0.3865123135325234,-0.4287859210361673,0.8673146013090771,244
Intl_LC_Growth,Mkt-RF,0.6956055122050804,18.027649200997335,19.648009036567434,0.8673146013090771,244
Intl_LC_Growth,SMB,-0.05500969974693324,-1.0174791905202434,-1.0102448784446243,0.8673146013090771,244
Intl_LC_Growth,HML,-0.0900839062874848,-1.7350881269942402,-1.6939271706584673,0.8673146013090771,244
Intl_LC_Growth,RMW,0.01148610165346442,0.17874240578450792,0.14420088650989543,0.8673146013090771,244
Intl_LC_Growth,CMA,-0.004730698813203399,-0.06008427138131832,-0.05487276879385352,0.8673146013090771,244
Intl_LC_Growth,US_Growth_Factor,0.2045421126688233,2.0077078559744135,2.5333412947524816,0.8673146013090771,244
Intl_LC_Growth,Global_Growth_Factor,0.02754013719581634,0.22750413530580998,0.27909384801497694,0.8673146013090771,244
Intl_LC_Growth,Inflation_Factor,-0.15588050317162241,-1.5055869438973413,-1.6152718559470105,0.8673146013090771,244
Intl_LC_Growth,Rates_Yields_Factor,-0.014364350728207853,-0.1700894348687371,-0.16997599502040317,0.8673146013090771,244
Intl_LC_Growth,US_Monetary_Policy_Factor,0.09339443802582653,0.6906413049146805,0.8123420688858107,0.8673146013090771,244
Intl_LC_Growth,Global_Monetary_Policy_Factor,-0.009555050475816118,-0.08025792213649417,-0.08141724810350971,0.8673146013090771,244
Intl_LC_Growth,Currency_Factor,-1.1854439340650416,-13.27580976670249,-10.656410993328326,0.8673146013090771,244
Intl_LC_Growth,Credit_Risk_Factor,-0.1450060953189618,-1.1720699831735661,-1.2391265780134844,0.8673146013090771,244
Intl_LC_Growth,Commodities_Factor,-0.2519425690125408,-1.99008920092484,-2.1026015246020076,0.8673146013090771,244
Intl_MidSmall_Blend,Alpha,-0.014509890494358926,-0.092031818060532,-0.08811137893030666,0.8619590066051704,222
Intl_MidSmall_Blend,Mkt-RF,0.6526261687404692,14.430234994443543,16.089445324507448,0.8619590066051704,222
Intl_MidSmall_Blend,SMB,0.11536324758816069,1.8145782744694408,2.0981389348111374,0.8619590066051704,222
Intl_MidSmall_Blend,HML,0.07841611810570989,1.2737459325246834,1.3278740930677164,0.8619590066051704,222
Intl_MidSmall_Blend,RMW,0.06376219182680473,0.8531910643612431,0.8358543877313972,0.8619590066051704,222
Intl_MidSmall_Blend,CMA,-0.10177566377361694,-1.09459932906318,-1.0643661778557478,0.8619590066051704,222
Intl_MidSmall_Blend,US_Growth_Factor,0.054627724585763225,0.4643487800065098,0.5722511375457117,0.8619590066051704,222
Intl_MidSmall_Blend,Global_Growth_Factor,0.05949167005632547,0.41914239324827596,0.5150872331590822,0.8619590066051704,222
Intl_MidSmall_Blend,Inflation_Factor,-0.40782313746057136,-3.36376739711329,-4.039488390469764,0.8619590066051704,222
Intl_MidSmall_Blend,Rates_Yields_Factor,-0.013824984279567024,-0.1296883202648494,-0.1288137239268875,0.8619590066051704,222
Intl_MidSmall_Blend,US_Monetary_Policy_Factor,-0.1765208051543066,-1.1273230096774949,-1.4808326982480862,0.8619590066051704,222
Intl_MidSmall_Blend,Global_Monetary_Policy_Factor,-0.39854669067680926,-2.0722884632053504,-1.7201850544258293,0.8619590066051704,222
Intl_MidSmall_Blend,Currency_Factor,-1.2345865298931007,-11.877821124431327,-9.094551159507137,0.8619590066051704,222
Intl_MidSmall_Blend,Credit_Risk_Factor,0.09733431606550748,0.6433597071794529,0.6467524799393529,0.8619590066051704,222
Intl_MidSmall_Blend,Commodities_Factor,0.2959222548172645,1.8837839556364127,1.9115687017750347,0.8619590066051704,222
Intl_Small_Value,Alpha,0.13676782167063986,0.9113024432627228,0.8398426127072346,0.8335211643256566,240
Intl_Small_Value,Mkt-RF,0.5721261718461731,12.443322474604196,12.574301727827644,0.8335211643256566,240
Intl_Small_Value,SMB,0.08688748666042224,1.3523635824755635,1.4639446820377937,0.8335211643256566,240
Intl_Small_Value,HML,0.17704197714665731,2.8844665829063767,3.02317447461142,0.8335211643256566,240
Intl_Small_Value,RMW,0.0767381896429788,1.0077364792227457,0.9832248785809894,0.8335211643256566,240
Intl_Small_Value,CMA,-0.07574206210185433,-0.8139543488476368,-0.7899328754111934,0.8335211643256566,240
Intl_Small_Value,US_Growth_Factor,0.036817115491016905,0.30508300311119024,0.38427064618603324,0.8335211643256566,240
Intl_Small_Value,Global_Growth_Factor,0.049986864812953336,0.3482733967110351,0.4598546751040206,0.8335211643256566,240
Intl_Small_Value,Inflation_Factor,-0.43461071121188877,-3.551336777485337,-4.011748635246831,0.8335211643256566,240
Intl_Small_Value,Rates_Yields_Factor,-0.044551811065477454,-0.42946610443340116,-0.45548009536082884,0.8335211643256566,240
Intl_Small_Value,US_Monetary_Policy_Factor,-0.22040571255001506,-1.3753739187341214,-1.6096904403148384,0.8335211643256566,240
Intl_Small_Value,Global_Monetary_Policy_Factor,-0.15521893656979793,-1.0849506718870734,-0.8060564899892569,0.8335211643256566,240
Intl_Small_Value,Currency_Factor,-1.2435794777189815,-11.750354249809705,-8.798580103804737,0.8335211643256566,240
Intl_Small_Value,Credit_Risk_Factor,-0.08451691436693583,-0.5759194573808658,-0.53794201482052,0.8335211643256566,240
Intl_Small_Value,Commodities_Factor,0.3469875975069453,2.25207072399194,2.0955063858217615,0.8335211643256566,240
EM_Broad,Alpha,0.6501399867802167,1.8407829549158898,1.9376909821588637,0.7287664343740207,164
EM_Broad,Mkt-RF,0.38747112305117837,5.576729105571673,5.5260557630012785,0.7287664343740207,164
EM_Broad,SMB,-0.023005277063343627,-0.2520911421236844,-0.28766440570644114,0.7287664343740207,164
EM_Broad,HML,0.021504962041920844,0.23270487616457558,0.27625690778802786,0.7287664343740207,164
EM_Broad,RMW,-0.09727349655967814,-0.9305447039723276,-0.8009883518802456,0.7287664343740207,164
EM_Broad,CMA,0.0271457428661303,0.2101782966859966,0.241168294092586,0.7287664343740207,164
EM_Broad,US_Growth_Factor,0.09201566311768061,0.5660709808727441,0.5954537415823247,0.7287664343740207,164
EM_Broad,Global_Growth_Factor,-0.12271773390112983,-0.5602821556829961,-0.5279141620314496,0.7287664343740207,164
EM_Broad,Inflation_Factor,-0.25111510510315593,-1.4093016821898943,-1.518245244930894,0.7287664343740207,164
EM_Broad,Rates_Yields_Factor,0.0014761845464538181,0.007975682776804365,0.006809598072023801,0.7287664343740207,164
EM_Broad,US_Monetary_Policy_Factor,0.14995288037365895,0.5136666727278836,0.5062544375129894,0.7287664343740207,164
EM_Broad,Global_Monetary_Policy_Factor,0.5508666341408698,1.0467145319077436,1.0715153788424066,0.7287664343740207,164
EM_Broad,Currency_Factor,-1.7281638792853644,-10.798368406685473,-10.194234873947035,0.7287664343740207,164
EM_Broad,Credit_Risk_Factor,-0.2472247234024626,-0.6331439621272152,-0.8884833909425202,0.7287664343740207,164
EM_Broad,Commodities_Factor,0.43739900852630265,1.7321864058942107,1.4354354780887804,0.7287664343740207,164
EM_Value,Alpha,0.3077873736008976,1.616974088863013,1.8486259700371293,0.7857748376437861,227
EM_Value,Mkt-RF,0.43704372433470584,7.718465152056664,7.493186407004421,0.7857748376437861,227
EM_Value,SMB,0.008274377590941698,0.10452634835708115,0.10043045873920213,0.7857748376437861,227
EM_Value,HML,0.1532483770323247,2.007287834276287,2.1749239986616757,0.7857748376437861,227
EM_Value,RMW,0.0732839958308535,0.7867391286924201,0.7337154783364596,0.7857748376437861,227
EM_Value,CMA,0.05898373946595666,0.5098779749621862,0.5658768641026453,0.7857748376437861,227
EM_Value,US_Growth_Factor,-0.14370384106581327,-0.9763117429333966,-1.005818853431197,0.7857748376437861,227
EM_Value,Global_Growth_Factor,-0.08520080184347795,-0.48089212298088446,-0.556379237517185,0.7857748376437861,227
EM_Value,Inflation_Factor,-0.3087027614405348,-2.0463500803857624,-2.68982452500162,0.7857748376437861,227
EM_Value,Rates_Yields_Factor,-0.03308545066904221,-0.25056339077958895,-0.24938136567751565,0.7857748376437861,227
EM_Value,US_Monetary_Policy_Factor,-0.31621395012217157,-1.6127146039912101,-1.8537766336859436,0.7857748376437861,227
EM_Value,Global_Monetary_Policy_Factor,0.051530768330148045,0.25210717927181664,0.27463827788574663,0.7857748376437861,227
EM_Value,Currency_Factor,-1.6281775328669432,-12.602970802068283,-13.879657705372985,0.7857748376437861,227
EM_Value,Credit_Risk_Factor,0.19479474400373742,1.0390801726184704,0.9221428510399975,0.7857748376437861,227
EM_Value,Commodities_Factor,0.7704037449748868,3.9547516708456842,4.098399891421224,0.7857748376437861,227
EM_Small,Alpha,0.2566603132610627,0.839261658908682,0.9134895109771886,0.7513050807349855,178
EM_Small,Mkt-RF,0.486344226949933,7.3980527359875925,9.451883833568,0.7513050807349855,178
EM_Small,SMB,0.04458552483150667,0.5008532901262437,0.6193335629400877,0.7513050807349855,178
EM_Small,HML,0.003783290070043985,0.04158320167792816,0.03921174373592348,0.7513050807349855,178
EM_Small,RMW,0.003959797199207309,0.03879521105125344,0.04684570618341466,0.7513050807349855,178
EM_Small,CMA,0.014134816952847542,0.11146064591903769,0.10732832161983857,0.7513050807349855,178
EM_Small,US_Growth_Factor,0.12912467186506804,0.8002190885113053,0.8738475721302918,0.7513050807349855,178
EM_Small,Global_Growth_Factor,-0.2708498223977492,-1.2573421984371198,-1.3947485788884852,0.7513050807349855,178
EM_Small,Inflation_Factor,-0.21318388893018353,-1.2475336823936376,-1.397592268257952,0.7513050807349855,178
EM_Small,Rates_Yields_Factor,-0.03867706487158149,-0.21675537993683366,-0.2275059377823055,0.7513050807349855,178
EM_Small,US_Monetary_Policy_Factor,0.1150077138512874,0.40526235668253785,0.4730294357475392,0.7513050807349855,178
EM_Small,Global_Monetary_Policy_Factor,0.21557282958640095,0.47844185055569555,0.4156145097861742,0.7513050807349855,178
EM_Small,Currency_Factor,-1.4399615456608732,-9.685933871031493,-9.133444788863912,0.7513050807349855,178
EM_Small,Credit_Risk_Factor,-0.25718373284849566,-0.7961167863159672,-0.9452777247001608,0.7513050807349855,178
EM_Small,Commodities_Factor,0.6161203380194284,2.5234521689947225,2.2808497304116577,0.7513050807349855,178
US_IG_Short,Alpha,0.11659236391753514,2.149364457900775,2.304192575966245,0.49388013544935305,199
US_IG_Short,Mkt-RF,0.043545916713360375,3.3420702296589333,3.2820762586256556,0.49388013544935305,199
US_IG_Short,SMB,0.002092619231992543,0.11965868256143404,0.140754676173683,0.49388013544935305,199
US_IG_Short,HML,0.00686873265097241,0.37901721812703754,0.29541106767553654,0.49388013544935305,199
US_IG_Short,RMW,0.058260244415187575,2.8832938884554444,2.4669377756539563,0.49388013544935305,199
US_IG_Short,CMA,-0.04715846977518478,-1.8535539862051256,-1.428536394137408,0.49388013544935305,199
US_IG_Short,US_Growth_Factor,-0.01855321168939392,-0.5613966138868011,-0.5063334889012779,0.49388013544935305,199
US_IG_Short,Global_Growth_Factor,-0.09467416025917122,-2.335784719929671,-1.6476806915446023,0.49388013544935305,199
US_IG_Short,Inflation_Factor,-0.20359157979715717,-6.049716042971715,-6.157027745212784,0.49388013544935305,199
US_IG_Short,Rates_Yields_Factor,-0.011284658346637421,-0.37776894663728977,-0.48224600433078535,0.49388013544935305,199
US_IG_Short,US_Monetary_Policy_Factor,-0.03281610122859497,-0.616428032293076,-0.664833569856999,0.49388013544935305,199
US_IG_Short,Global_Monetary_Policy_Factor,0.021994975817119285,0.25654232818186573,0.28325082815961317,0.49388013544935305,199
US_IG_Short,Currency_Factor,-0.1810855590367855,-6.124263942371141,-6.385896882420416,0.49388013544935305,199
US_IG_Short,Credit_Risk_Factor,0.058646267672433194,0.9543254463873815,1.065729778798038,0.49388013544935305,199
US_IG_Short,Commodities_Factor,0.029539150012230755,0.6067808681798911,0.37746896597050106,0.49388013544935305,199
US_IG_Intermediate,Alpha,0.20446634497912985,1.5193155287396385,1.5149953123905504,0.43258273273041337,199
US_IG_Intermediate,Mkt-RF,0.10386262208705822,3.2130212989187794,3.070515364200444,0.43258273273041337,199
US_IG_Intermediate,SMB,-0.004539043538075376,-0.10461754894666235,-0.13090910290144883,0.43258273273041337,199
US_IG_Intermediate,HML,-0.027767652313216623,-0.617600554707415,-0.48905497203088044,0.43258273273041337,199
US_IG_Intermediate,RMW,0.12373767159275292,2.468338609365653,2.064410505006117,0.43258273273041337,199
US_IG_Intermediate,CMA,-0.08305110694373082,-1.3157614207376969,-1.012674818899206,0.43258273273041337,199
US_IG_Intermediate,US_Growth_Factor,-0.019612765592593347,-0.2392080080072438,-0.250319999460739,0.43258273273041337,199
US_IG_Intermediate,Global_Growth_Factor,-0.22456057014478267,-2.233166176438912,-1.7480239369607926,0.43258273273041337,199
US_IG_Intermediate,Inflation_Factor,-0.4141862105812777,-4.960860352314723,-5.244600480854302,0.43258273273041337,199
US_IG_Intermediate,Rates_Yields_Factor,-0.042281684396871216,-0.5705271393712812,-0.671859877309615,0.43258273273041337,199
US_IG_Intermediate,US_Monetary_Policy_Factor,-0.09454691719126833,-0.7158614207140623,-0.8132445151477319,0.43258273273041337,199
US_IG_Intermediate,Global_Monetary_Policy_Factor,0.0539947005933523,0.25384748675828794,0.27408291452909794,0.43258273273041337,199
US_IG_Intermediate,Currency_Factor,-0.40485150203434167,-5.518893635012819,-5.508386631507272,0.43258273273041337,199
US_IG_Intermediate,Credit_Risk_Factor,0.10620587992608377,0.6966118775388176,0.8555619909834133,0.43258273273041337,199
US_IG_Intermediate,Commodities_Factor,-0.013589461205192525,-0.11251807942997663,-0.07837959918847542,0.43258273273041337,199
US_IG_Long,Alpha,0.18218093961770604,0.6819038554182731,0.6975218623785886,0.3146230860897583,199
US_IG_Long,Mkt-RF,0.20973606362036726,3.2682968845008316,3.3007384247790115,0.3146230860897583,199
US_IG_Long,SMB,-0.08018891995996125,-0.9309977291692884,-1.1106591777266817,0.3146230860897583,199
US_IG_Long,HML,-0.07996073830482738,-0.895858410400858,-0.7922012814471526,0.3146230860897583,199
US_IG_Long,RMW,0.11820052575680798,1.1877260187221206,1.0335676162161802,0.3146230860897583,199
US_IG_Long,CMA,-0.053970357817933697,-0.4307061624706616,-0.3852678298678858,0.3146230860897583,199
US_IG_Long,US_Growth_Factor,0.07066909288851252,0.43417064688829354,0.5972733104803442,0.3146230860897583,199
US_IG_Long,Global_Growth_Factor,-0.331191666196863,-1.6590558427803765,-1.67811856185349,0.3146230860897583,199
US_IG_Long,Inflation_Factor,-0.5553865603780116,-3.350817672610188,-3.5169014538809424,0.3146230860897583,199
US_IG_Long,Rates_Yields_Factor,-0.19565346942823655,-1.3298591525096035,-1.4975335351353913,0.3146230860897583,199
US_IG_Long,US_Monetary_Policy_Factor,-0.11566635919086853,-0.44114637613648716,-0.5511205576418597,0.3146230860897583,199
US_IG_Long,Global_Monetary_Policy_Factor,0.3283160384205978,0.777513421551837,0.8648433044286961,0.3146230860897583,199
US_IG_Long,Currency_Factor,-0.5556283918781176,-3.8153533368774677,-3.2511461246158233,0.3146230860897583,199
US_IG_Long,Credit_Risk_Factor,0.0545224666756925,0.18014071182370034,0.18127267918171663,0.3146230860897583,199
US_IG_Long,Commodities_Factor,-0.24618927654272263,-1.0267938757530957,-0.9689041199178828,0.3146230860897583,199
US_HY_Short,Alpha,-0.059883446836466604,-0.48614067072833617,-0.5543493677254571,0.7524966858768671,152
US_HY_Short,Mkt-RF,0.24857941365943798,10.829521849975153,7.395372549154961,0.7524966858768671,152
US_HY_Short,SMB,0.016370224526879702,0.5537789712015644,0.6024485229800021,0.7524966858768671,152
US_HY_Short,HML,0.06522301133601166,2.175436971326512,1.8732860182513937,0.7524966858768671,152
US_HY_Short,RMW,0.03501142477531102,1.031599010969343,1.0607904574923888,0.7524966858768671,152
US_HY_Short,CMA,-0.022142812215012755,-0.5294467775553175,-0.4634675420263395,0.7524966858768671,152
US_HY_Short,US_Growth_Factor,-0.03471150118823042,-0.6522856591275311,-0.5740517375522106,0.7524966858768671,152
US_HY_Short,Global_Growth_Factor,-0.1372944059682049,-1.9473567622750747,-1.7332517677355188,0.7524966858768671,152
US_HY_Short,Inflation_Factor,-0.169764280543718,-2.89269910831029,-3.051126669822411,0.7524966858768671,152
US_HY_Short,Rates_Yields_Factor,-0.10175135204207783,-1.6421301137550683,-1.9074376785015932,0.7524966858768671,152
US_HY_Short,US_Monetary_Policy_Factor,-0.26751745664203747,-2.7453413784233986,-3.471616671089816,0.7524966858768671,152
US_HY_Short,Global_Monetary_Policy_Factor,0.03876256312763776,0.2095886988620836,0.2271804933702938,0.7524966858768671,152
US_HY_Short,Currency_Factor,-0.12929930895232067,-2.4635700341513145,-2.628314346918218,0.7524966858768671,152
US_HY_Short,Credit_Risk_Factor,0.027597592248319147,0.21898735657260343,0.20824073410625699,0.7524966858768671,152
US_HY_Short,Commodities_Factor,0.2482029467764793,3.0181347549704736,1.8857484116734144,0.7524966858768671,152
US_HY_Broad,Alpha,0.0012986152412387485,0.009980332131605556,0.013836665100238862,0.6379784083725825,230
US_HY_Broad,Mkt-RF,0.3741595231960317,9.55927017667059,11.231590371600754,0.6379784083725825,230
US_HY_Broad,SMB,0.08353255605245943,1.5214269674567382,1.2788512285082576,0.6379784083725825,230
US_HY_Broad,HML,0.10632521512487329,2.0138174956262254,1.9422291634199456,0.6379784083725825,230
US_HY_Broad,RMW,0.06464715597547814,1.000155921632996,1.0323798867064709,0.6379784083725825,230
US_HY_Broad,CMA,-0.09458843861802864,-1.1787600644274392,-1.1192759011193818,0.6379784083725825,230
US_HY_Broad,US_Growth_Factor,0.03775456302320887,0.36932742108100464,0.5161838538980088,0.6379784083725825,230
US_HY_Broad,Global_Growth_Factor,0.07250199667323207,0.5905338180332648,0.4887100515202591,0.6379784083725825,230
US_HY_Broad,Inflation_Factor,-0.26339688516372556,-2.5185148862930737,-3.3827835339016277,0.6379784083725825,230
US_HY_Broad,Rates_Yields_Factor,-0.18280311135783867,-1.9928809041479856,-1.5595303055629715,0.6379784083725825,230
US_HY_Broad,US_Monetary_Policy_Factor,-0.439742838236465,-3.2277552637170115,-3.527431636440602,0.6379784083725825,230
US_HY_Broad,Global_Monetary_Policy_Factor,0.020487586839938676,0.1522754780914349,0.14604333248787849,0.6379784083725825,230
US_HY_Broad,Currency_Factor,-0.4399897650882315,-4.908228601599469,-3.6025775960666646,0.6379784083725825,230
US_HY_Broad,Credit_Risk_Factor,0.3423232548823257,2.672018551077118,2.5065635500818133,0.6379784083725825,230
US_HY_Broad,Commodities_Factor,-0.11300836482076021,-0.8423731104151814,-0.6144951011590879,0.6379784083725825,230
EM_Debt_USD_Broad,Alpha,0.16338512825199514,1.0154127435186917,1.150152584826319,0.6022741086296224,222
EM_Debt_USD_Broad,Mkt-RF,0.2712575343011976,5.876881704658804,5.916968919483726,0.6022741086296224,222
EM_Debt_USD_Broad,SMB,-0.01575909091186451,-0.24288215858383674,-0.2955364586241244,0.6022741086296224,222
EM_Debt_USD_Broad,HML,0.05108799715100922,0.8131161132736221,0.6790307279304031,0.6022741086296224,222
EM_Debt_USD_Broad,RMW,0.18698882128563005,2.4516299846652205,2.210455347263446,0.6022741086296224,222
EM_Debt_USD_Broad,CMA,-0.1165806078914686,-1.2285526391791353,-1.1142240731113842,0.6022741086296224,222
EM_Debt_USD_Broad,US_Growth_Factor,0.03500100805250194,0.29151974119398383,0.2605641925069909,0.6022741086296224,222
EM_Debt_USD_Broad,Global_Growth_Factor,-0.19859622455011816,-1.3709847870701894,-1.4403084811986986,0.6022741086296224,222
EM_Debt_USD_Broad,Inflation_Factor,-0.5975444539843947,-4.829259412561091,-3.5178218637631415,0.6022741086296224,222
EM_Debt_USD_Broad,Rates_Yields_Factor,-0.23013902999910382,-2.115352348357106,-1.5264110321782078,0.6022741086296224,222
EM_Debt_USD_Broad,US_Monetary_Policy_Factor,-0.6308534569010458,-3.947636706137665,-1.6098912875744753,0.6022741086296224,222
EM_Debt_USD_Broad,Global_Monetary_Policy_Factor,0.2067600918849986,1.053401513333523,1.201133542397125,0.6022741086296224,222
EM_Debt_USD_Broad,Currency_Factor,-0.8716240031986959,-8.216760861201406,-4.778349123334139,0.6022741086296224,222
EM_Debt_USD_Broad,Credit_Risk_Factor,0.3751675989583178,2.4297938019243985,1.6366447563934663,0.6022741086296224,222
EM_Debt_USD_Broad,Commodities_Factor,-0.11180534906202429,-0.6973844630698721,-0.33627154248013164,0.6022741086296224,222
EM_Debt_Local_Broad,Alpha,0.3349471894968466,2.014945887161865,2.2081094496334415,0.7745152422704227,191
EM_Debt_Local_Broad,Mkt-RF,0.049592759036387865,1.272819013457113,1.5009147183390812,0.7745152422704227,191
EM_Debt_Local_Broad,SMB,-0.04905480561598418,-0.9308249248919584,-0.9923094356746142,0.7745152422704227,191
EM_Debt_Local_Broad,HML,0.013936124097590078,0.2593690703624377,0.2530793368065413,0.7745152422704227,191
EM_Debt_Local_Broad,RMW,0.06601568107309097,1.1028814635549034,1.1606333038093335,0.7745152422704227,191
EM_Debt_Local_Broad,CMA,0.0019820380354432284,0.02632854778407637,0.02610155494475341,0.7745152422704227,191
EM_Debt_Local_Broad,US_Growth_Factor,0.045715205444949884,0.4651109115005858,0.6667904974136211,0.7745152422704227,191
EM_Debt_Local_Broad,Global_Growth_Factor,-0.17231288722567262,-1.3935618874212083,-2.1557042068027696,0.7745152422704227,191
EM_Debt_Local_Broad,Inflation_Factor,-0.2693321828782229,-2.6232623558319843,-2.271686308921533,0.7745152422704227,191
EM_Debt_Local_Broad,Rates_Yields_Factor,-0.06111539411198806,-0.6541626501536334,-0.6060230107657965,0.7745152422704227,191
EM_Debt_Local_Broad,US_Monetary_Policy_Factor,0.10580249424588829,0.667589606882047,0.66820721310054,0.7745152422704227,191
EM_Debt_Local_Broad,Global_Monetary_Policy_Factor,0.46281485027454833,1.7718643755223322,1.6885959006015883,0.7745152422704227,191
EM_Debt_Local_Broad,Currency_Factor,-1.6190680503524382,-18.383153544955142,-18.0174335679306,0.7745152422704227,191
EM_Debt_Local_Broad,Credit_Risk_Factor,-0.21838745006296126,-1.1668243204048847,-1.217341261720908,0.7745152422704227,191
EM_Debt_Local_Broad,Commodities_Factor,-0.01576159906371441,-0.10842377407790174,-0.07631347429882547,0.7745152422704227,191
EM_Debt_Local_Alt,Alpha,0.44470284469466487,2.4344885428088126,2.82103595382789,0.7522775814951218,176
EM_Debt_Local_Alt,Mkt-RF,0.03335787990748608,0.8382047251009577,0.8611250634438801,0.7522775814951218,176
EM_Debt_Local_Alt,SMB,-0.0481549571331323,-0.9165367625646452,-0.9140970417298078,0.7522775814951218,176
EM_Debt_Local_Alt,HML,0.013028943995976185,0.24308229781477117,0.2234577514012417,0.7522775814951218,176
EM_Debt_Local_Alt,RMW,0.023769012141867177,0.3951632843712272,0.4050894468491982,0.7522775814951218,176
EM_Debt_Local_Alt,CMA,0.029129122754359985,0.39021015114610275,0.3593987720045748,0.7522775814951218,176
EM_Debt_Local_Alt,US_Growth_Factor,0.014507629713823113,0.1527899590968125,0.2165930628478805,0.7522775814951218,176
EM_Debt_Local_Alt,Global_Growth_Factor,-0.25355411187045485,-1.9954317261678673,-2.9007733017040005,0.7522775814951218,176
EM_Debt_Local_Alt,Inflation_Factor,-0.3133097383132658,-3.1174614648138035,-2.629094223108807,0.7522775814951218,176
EM_Debt_Local_Alt,Rates_Yields_Factor,-0.03196093450055518,-0.30405440472043377,-0.28947498437561264,0.7522775814951218,176
EM_Debt_Local_Alt,US_Monetary_Policy_Factor,0.04964469554061385,0.29486500035306434,0.28698866401229756,0.7522775814951218,176
EM_Debt_Local_Alt,Global_Monetary_Policy_Factor,0.5108525789368563,1.9247608253150361,1.908830201018934,0.7522775814951218,176
EM_Debt_Local_Alt,Currency_Factor,-1.539594273272206,-17.130139332245452,-15.295476101432023,0.7522775814951218,176
EM_Debt_Local_Alt,Credit_Risk_Factor,-0.08980098251954291,-0.43499926375553144,-0.49213886206373325,0.7522775814951218,176
EM_Debt_Local_Alt,Commodities_Factor,0.05447570741795407,0.3763420014962818,0.2466362983706184,0.7522775814951218,176
UST_Short_1_3Y,Alpha,0.05001368761458222,2.159711297709479,2.010582119948674,0.3395613135036474,244
UST_Short_1_3Y,Mkt-RF,-0.0175945372223764,-2.470812565605391,-2.071692730815529,0.3395613135036474,244
UST_Short_1_3Y,SMB,-0.009922719417800917,-0.994495544218341,-0.9239443102715911,0.3395613135036474,244
UST_Short_1_3Y,HML,-0.001984851940272053,-0.20715161011253905,-0.18579776242153262,0.3395613135036474,244
UST_Short_1_3Y,RMW,0.013227997899290177,1.1154110177051508,1.038689986895844,0.3395613135036474,244
UST_Short_1_3Y,CMA,-0.006536263657194933,-0.44983260561168753,-0.427250419469929,0.3395613135036474,244
UST_Short_1_3Y,US_Growth_Factor,0.019810589555760993,1.0536613516317526,1.6642215304915025,0.3395613135036474,244
UST_Short_1_3Y,Global_Growth_Factor,-0.023675702194268098,-1.0597707617760417,-1.336922878800985,0.3395613135036474,244
UST_Short_1_3Y,Inflation_Factor,-0.08037694057609998,-4.206601590109863,-3.9074094531168244,0.3395613135036474,244
UST_Short_1_3Y,Rates_Yields_Factor,0.003992683659753053,0.25617816428226176,0.36299186730219296,0.3395613135036474,244
UST_Short_1_3Y,US_Monetary_Policy_Factor,0.045648273787252225,1.8291181686521683,2.6136725307891053,0.3395613135036474,244
UST_Short_1_3Y,Global_Monetary_Policy_Factor,0.02202935602383562,1.0026343910197333,0.8250219953164759,0.3395613135036474,244
UST_Short_1_3Y,Currency_Factor,-0.10142052553253353,-6.154485144998167,-5.479306345188123,0.3395613135036474,244
UST_Short_1_3Y,Credit_Risk_Factor,0.03348779360611436,1.466694587025897,1.9680131095647015,0.3395613135036474,244
UST_Short_1_3Y,Commodities_Factor,-0.09619858314855742,-4.117423457585027,-4.674392583948927,0.3395613135036474,244
UST_Intermediate_7_10Y,Alpha,0.18872788424285614,1.720466946106214,1.8639742416339693,0.3171847926964084,244
UST_Intermediate_7_10Y,Mkt-RF,-0.03429701256924658,-1.0167675672640382,-0.9535938974168423,0.3171847926964084,244
UST_Intermediate_7_10Y,SMB,-0.048707943397577724,-1.0305649370004664,-1.0207798600835896,0.3171847926964084,244
UST_Intermediate_7_10Y,HML,-0.09832438941251126,-2.166331398446158,-1.9315427649325747,0.3171847926964084,244
UST_Intermediate_7_10Y,RMW,0.09288795360541244,1.653497897382393,1.4146576324524889,0.3171847926964084,244
UST_Intermediate_7_10Y,CMA,-0.002857897799492262,-0.04152135353942384,-0.037563016589836885,0.3171847926964084,244
UST_Intermediate_7_10Y,US_Growth_Factor,0.07172793474414323,0.8053699399767317,1.0981002222134235,0.3171847926964084,244
UST_Intermediate_7_10Y,Global_Growth_Factor,-0.21877333396803722,-2.067316111578245,-2.1908927455503964,0.3171847926964084,244
UST_Intermediate_7_10Y,Inflation_Factor,-0.3649637756587702,-4.032302547771852,-4.467179203123973,0.3171847926964084,244
UST_Intermediate_7_10Y,Rates_Yields_Factor,-0.020761161025012867,-0.2812109858011222,-0.31821353087614274,0.3171847926964084,244
UST_Intermediate_7_10Y,US_Monetary_Policy_Factor,-0.011939104816818313,-0.10099331056637433,-0.07638210648333908,0.3171847926964084,244
UST_Intermediate_7_10Y,Global_Monetary_Policy_Factor,-0.03415758285280675,-0.3281945500219688,-0.4103964811233917,0.3171847926964084,244
UST_Intermediate_7_10Y,Currency_Factor,-0.38538924435490013,-4.937065627490949,-4.2828363945530326,0.3171847926964084,244
UST_Intermediate_7_10Y,Credit_Risk_Factor,0.1675231983752404,1.5489291391585809,2.0971271395786637,0.3171847926964084,244
UST_Intermediate_7_10Y,Commodities_Factor,-0.4921651015861498,-4.447040794881507,-4.2443055798566585,0.3171847926964084,244
UST_Long_20Y_Plus,Alpha,0.21242767990453446,0.881510887302095,1.044049601887243,0.25922913849089424,244
UST_Long_20Y_Plus,Mkt-RF,-0.026186627401227992,-0.35338757317980884,-0.4109390104176572,0.25922913849089424,244
UST_Long_20Y_Plus,SMB,-0.12756942216139533,-1.2286508080172642,-1.256146723109031,0.25922913849089424,244
UST_Long_20Y_Plus,HML,-0.20969930746533502,-2.1031340029090813,-1.656179681982702,0.25922913849089424,244
UST_Long_20Y_Plus,RMW,0.07115777216519137,0.5765977017609517,0.5318074432478163,0.25922913849089424,244
UST_Long_20Y_Plus,CMA,0.040862174884051194,0.2702418462106945,0.25419922737762035,0.25922913849089424,244
UST_Long_20Y_Plus,US_Growth_Factor,0.15866594055739686,0.8109556659456456,0.9856561768286636,0.25922913849089424,244
UST_Long_20Y_Plus,Global_Growth_Factor,-0.494151563025909,-2.1255875128785027,-2.3131093210807325,0.25922913849089424,244
UST_Long_20Y_Plus,Inflation_Factor,-0.645135866045196,-3.2445976472264073,-3.3592524845890175,0.25922913849089424,244
UST_Long_20Y_Plus,Rates_Yields_Factor,-0.18553213621242853,-1.1439475265969359,-1.2282202367688473,0.25922913849089424,244
UST_Long_20Y_Plus,US_Monetary_Policy_Factor,0.04113129811497712,0.1583797205659319,0.12742182905012994,0.25922913849089424,244
UST_Long_20Y_Plus,Global_Monetary_Policy_Factor,0.12080236445444056,0.5283551948875067,0.7757420654520949,0.25922913849089424,244
UST_Long_20Y_Plus,Currency_Factor,-0.49153705165318184,-2.86636757952636,-1.8832184192953676,0.25922913849089424,244
UST_Long_20Y_Plus,Credit_Risk_Factor,0.13423095573433125,0.5649572535458651,0.6230648387250732,0.25922913849089424,244
UST_Long_20Y_Plus,Commodities_Factor,-1.0606632156649365,-4.362587172814414,-3.316164557896572,0.25922913849089424,244
UST_TIPS,Alpha,0.03389567155478309,0.2629161179809193,0.24164974544120768,0.3359529968128978,190
UST_TIPS,Mkt-RF,0.07949539503771107,2.6480794778304073,1.9082838429477977,0.3359529968128978,190
UST_TIPS,SMB,0.002951633442275811,0.07256497262249659,0.0870922418491874,0.3359529968128978,190
UST_TIPS,HML,-0.0827276177449334,-2.0010485212214353,-1.830143364784141,0.3359529968128978,190
UST_TIPS,RMW,0.1427456914283466,3.0996065493835268,3.019989814832768,0.3359529968128978,190
UST_TIPS,CMA,0.012160702278125931,0.2094289628131196,0.2005894738651307,0.3359529968128978,190
UST_TIPS,US_Growth_Factor,0.05525561061369729,0.7305852469517531,0.8990895037950106,0.3359529968128978,190
UST_TIPS,Global_Growth_Factor,-0.1888025658526684,-1.9790289247959136,-2.7573509009876958,0.3359529968128978,190
UST_TIPS,Inflation_Factor,-0.21810627508777414,-2.7536279092610356,-2.4316326983910757,0.3359529968128978,190
UST_TIPS,Rates_Yields_Factor,0.018367113342633468,0.2554921509807171,0.25276976397389456,0.3359529968128978,190
UST_TIPS,US_Monetary_Policy_Factor,0.10111572518980984,0.8285506206220576,0.9651995140480956,0.3359529968128978,190
UST_TIPS,Global_Monetary_Policy_Factor,-0.09942324217659158,-0.4945224334038285,-0.6489449609920519,0.3359529968128978,190
UST_TIPS,Currency_Factor,-0.28534706633033813,-4.210949949895395,-4.271481634249646,0.3359529968128978,190
UST_TIPS,Credit_Risk_Factor,0.07580505446043231,0.522293369238887,0.5632734691611284,0.3359529968128978,190
UST_TIPS,Commodities_Factor,-0.14576258845325013,-1.2920533895887987,-1.3696015625371378,0.3359529968128978,190
US_REIT,Alpha,-0.1574863296160312,-0.5642482755494631,-0.7396661189186265,0.6030864809613439,244
US_REIT,Mkt-RF,0.8887521400849212,10.355311524670812,9.456770788742746,0.6030864809613439,244
US_REIT,SMB,0.3025791753851425,2.51612215367488,2.416922250244535,0.6030864809613439,244
US_REIT,HML,0.27012168248651924,2.3390537366989212,1.6535919802531236,0.6030864809613439,244
US_REIT,RMW,0.2514059549209052,1.7588829101801222,1.9176292188345967,0.6030864809613439,244
US_REIT,CMA,-0.01671665538429795,-0.09545338078327799,-0.08748196496197984,0.6030864809613439,244
US_REIT,US_Growth_Factor,0.09169149807504134,0.40462552385684125,0.4665882868402387,0.6030864809613439,244
US_REIT,Global_Growth_Factor,-0.1876699809632601,-0.6969866038300575,-0.752038617506052,0.6030864809613439,244
US_REIT,Inflation_Factor,-0.2586451756102891,-1.1231166055449473,-1.0561232135007539,0.6030864809613439,244
US_REIT,Rates_Yields_Factor,-0.004388772448066361,-0.023363657269099867,-0.01837738022970555,0.6030864809613439,244
US_REIT,US_Monetary_Policy_Factor,-0.21962741745202596,-0.7301708910717368,-0.758286355268887,0.6030864809613439,244
US_REIT,Global_Monetary_Policy_Factor,-0.2660543946912914,-1.0046893264056143,-0.9917041954493465,0.6030864809613439,244
US_REIT,Currency_Factor,-0.49330796327613097,-2.483730974444953,-2.0405043859041725,0.6030864809613439,244
US_REIT,Credit_Risk_Factor,-0.08354372724682696,-0.3035900670221326,-0.1963143777952641,0.6030864809613439,244
US_REIT,Commodities_Factor,-0.6025620441931558,-2.139829579340278,-2.3895038563888633,0.6030864809613439,244
Intl_REIT,Alpha,0.10042258172813597,0.3930667207881768,0.41332638860911114,0.7644978638763353,187
Intl_REIT,Mkt-RF,0.38018025419301327,6.421551618788881,7.089609078648792,0.7644978638763353,187
Intl_REIT,SMB,0.11504955022448017,1.4308823256682606,1.6462012407574071,0.7644978638763353,187
Intl_REIT,HML,0.042763648152498106,0.5153060144552382,0.462775228601445,0.7644978638763353,187
Intl_REIT,RMW,0.1816373883189737,2.009592732856904,2.341534732055084,0.7644978638763353,187
Intl_REIT,CMA,0.11503112305398566,0.9995022199810656,0.9155067159635868,0.7644978638763353,187
Intl_REIT,US_Growth_Factor,0.112261256437097,0.7581300301531004,1.1668024187552632,0.7644978638763353,187
Intl_REIT,Global_Growth_Factor,-0.36024828554949945,-1.903323107043005,-2.3908006671552475,0.7644978638763353,187
Intl_REIT,Inflation_Factor,-0.5014653596498938,-3.226020032935646,-3.543866971972681,0.7644978638763353,187
Intl_REIT,Rates_Yields_Factor,-0.19836339837705788,-1.3883076304330204,-1.6272998163044545,0.7644978638763353,187
Intl_REIT,US_Monetary_Policy_Factor,-0.04727157979908244,-0.1969561665663894,-0.23105314012703787,0.7644978638763353,187
Intl_REIT,Global_Monetary_Policy_Factor,0.39539961659850636,1.0049423345403226,0.8716513555578113,0.7644978638763353,187
Intl_REIT,Currency_Factor,-1.6922620461066302,-12.610354721196833,-11.567997106753522,0.7644978638763353,187
Intl_REIT,Credit_Risk_Factor,-0.5819054830570403,-1.9891898635660388,-2.076114900441911,0.7644978638763353,187
Intl_REIT,Commodities_Factor,-0.15710958650581364,-0.7051602831667075,-0.831096515740982,0.7644978638763353,187
Broad_Commodities,Alpha,0.14949118088962043,0.6629087528064072,0.7023945871883228,0.6441214725045151,244
Broad_Commodities,Mkt-RF,0.10899157525375086,1.5717600293253011,1.4472393186836923,0.6441214725045151,244
Broad_Commodities,SMB,0.006222857245289627,0.06404619400360448,0.06341465343358507,0.6441214725045151,244
Broad_Commodities,HML,0.048486099195098636,0.5196474500662737,0.5347194093149581,0.6441214725045151,244
Broad_Commodities,RMW,0.04017658828929877,0.3478926273535501,0.28346084326572807,0.6441214725045151,244
Broad_Commodities,CMA,0.0451301751398783,0.3189478992594119,0.32299888224240875,0.6441214725045151,244
Broad_Commodities,US_Growth_Factor,-0.12284100241170953,-0.6709317740867632,-0.86874241827487,0.6441214725045151,244
Broad_Commodities,Global_Growth_Factor,-0.552434072008942,-2.5393401480472093,-2.245515110078559,0.6441214725045151,244
Broad_Commodities,Inflation_Factor,0.6598020804365156,3.5460507649138697,3.5114583999178097,0.6441214725045151,244
Broad_Commodities,Rates_Yields_Factor,-0.04927663741797253,-0.3246755830052309,-0.3557044666391918,0.6441214725045151,244
Broad_Commodities,US_Monetary_Policy_Factor,0.05101658446745644,0.2099230568153876,0.20966010704632448,0.6441214725045151,244
Broad_Commodities,Global_Monetary_Policy_Factor,0.117376643449704,0.5485975190522832,0.4059681186695222,0.6441214725045151,244
Broad_Commodities,Currency_Factor,-0.9392092903711862,-5.852745083161647,-4.418619750849491,0.6441214725045151,244
Broad_Commodities,Credit_Risk_Factor,0.010711364239505937,0.04817584050617466,0.049251171278448275,0.6441214725045151,244
Broad_Commodities,Commodities_Factor,2.442445795645259,10.735274430106486,7.301028894894338,0.6441214725045151,244
Gold,Alpha,1.0970225545666592,3.8236030590036454,4.3702626987182285,0.3289252805940186,244
Gold,Mkt-RF,-0.2983101070859533,-3.381273818383116,-4.269513364422027,0.3289252805940186,244
Gold,SMB,-0.0345175549273205,-0.27923032120062624,-0.32779378515023777,0.3289252805940186,244
Gold,HML,-0.26600313246238716,-2.2407704506791104,-2.388182558108285,0.3289252805940186,244
Gold,RMW,0.3413972976326754,2.3235462022613613,2.911379660271668,0.3289252805940186,244
Gold,CMA,0.05725288543026143,0.3180307908493293,0.33403563159199046,0.3289252805940186,244
Gold,US_Growth_Factor,-0.3323078688135438,-1.426575286405985,-1.6757481142848631,0.3289252805940186,244
Gold,Global_Growth_Factor,0.006242275253163787,0.022552900334414608,0.03214028238578149,0.3289252805940186,244
Gold,Inflation_Factor,-0.3229066065191557,-1.3640404884443418,-1.3451737678786815,0.3289252805940186,244
Gold,Rates_Yields_Factor,0.13214403466322105,0.6843451445819916,0.6723234834561432,0.3289252805940186,244
Gold,US_Monetary_Policy_Factor,-0.1801017286995753,-0.5824862884369331,-0.5307377612145162,0.3289252805940186,244
Gold,Global_Monetary_Policy_Factor,-0.3571575543956047,-1.3120520272650322,-1.2015198583051399,0.3289252805940186,244
Gold,Currency_Factor,-1.83491973029883,-8.987385333500574,-9.248617460496309,0.3289252805940186,244
Gold,Credit_Risk_Factor,0.15188200972029808,0.5369204070174679,0.5181315742784262,0.3289252805940186,244
Gold,Commodities_Factor,0.3132461624797149,1.082163891599503,1.3524998316835148,0.3289252805940186,244
